Method,Config,Dataset,Domain,GT Edges,Assembly F1,Neuron F1,A-N Gap,Recall (Assembly vs GT),Precision (Assembly vs GT),Recall (Neuron vs GT),Precision (Neuron vs GT)
PC,Deterministic-k (step 10),Alzheimer,Medical,10,1.0,1.0,0.0,1.0,1.0,1.0,1.0
PC,Deterministic-k (step 10),Stroke Risk,Medical,5,0.727,1.0,-0.273,0.8,0.667,1.0,1.0
PC,Deterministic-k (step 10),Credit Default,Finance,4,1.0,1.0,0.0,1.0,1.0,1.0,1.0
PC,Deterministic-k (step 10),Student Success,Education,4,0.857,1.0,-0.143,0.75,1.0,1.0,1.0
PC,Deterministic-k (step 10),Vaccine Efficacy,Medical,3,1.0,1.0,0.0,1.0,1.0,1.0,1.0
PC,Bernoulli (0.30/0.10),Alzheimer,Medical,10,0.571,1.0,-0.429,0.6,0.545,1.0,1.0
PC,Bernoulli (0.30/0.10),Stroke Risk,Medical,5,0.5,1.0,-0.5,0.6,0.429,1.0,1.0
PC,Bernoulli (0.30/0.10),Credit Default,Finance,4,0.75,1.0,-0.25,0.75,0.75,1.0,1.0
PC,Bernoulli (0.30/0.10),Student Success,Education,4,0.889,1.0,-0.111,1.0,0.8,1.0,1.0
PC,Bernoulli (0.30/0.10),Vaccine Efficacy,Medical,3,0.75,0.857,-0.107,1.0,0.6,1.0,0.75
