seed,eval_seed,intervention,d_raw_exam,d_raw_grade,d_neuron_exam,d_neuron_grade,d_assembly_exam,d_assembly_grade,sign_match_neuron_exam,sign_match_assembly_exam,sign_match_neuron_grade,sign_match_assembly_grade
42,165,do(Attendance=Good),0.126,0.066,0.025126050420168106,0.013296518607442964,0.02507657945118061,0.013306744487678351,True,True,True,True
42,165,do(FinalExamScore=Excellent),0.476,0.23400000000000004,0.09509603841536618,0.04682893157262907,0.09503956604977662,0.04684954604409852,True,True,True,True
42,165,do(PriorGPA=High),0.0,0.16199999999999998,0.0,0.03239675870348138,0.0,0.03234241245136185,True,True,True,True
42,165,do(StudyHours=High),0.18999999999999995,0.10400000000000004,0.03792557022809126,0.020909363745498177,0.0379438417358009,0.020898184176394302,True,True,True,True
43,166,do(Attendance=Good),0.14600000000000002,0.062,0.02939975990396157,0.012227490996398555,0.029394037589112104,0.012219387755102062,True,True,True,True
43,166,do(FinalExamScore=Excellent),0.502,0.23799999999999993,0.10079231692677068,0.047309123649459744,0.10083668178872326,0.047301658163265314,True,True,True,True
43,166,do(PriorGPA=High),0.0,0.15299999999999997,0.0,0.030522208883553364,0.0,0.030503188775510254,True,True,True,True
43,166,do(StudyHours=High),0.21299999999999997,0.10000000000000003,0.04279471788715486,0.019854141656662633,0.04285547634478287,0.019832908163265328,True,True,True,True
44,167,do(Attendance=Good),0.14100000000000001,0.069,0.028417166866746668,0.013917767106842754,0.0283840155945419,0.013917677089980846,True,True,True,True
44,167,do(FinalExamScore=Excellent),0.501,0.25199999999999995,0.10033253301320524,0.05042857142857146,0.10037881741390509,0.05040268028079131,True,True,True,True
44,167,do(PriorGPA=High),0.0,0.14099999999999996,0.0,0.028130252100840386,0.0,0.02812444160816846,True,True,True,True
44,167,do(StudyHours=High),0.20599999999999996,0.10300000000000004,0.041337334933973596,0.02040756302521013,0.04133528265107214,0.020391831525207377,True,True,True,True
45,168,do(Attendance=Good),0.138,0.07200000000000001,0.02764345738295318,0.014395558223289334,0.027624521072796948,0.014401832460732955,True,True,True,True
45,168,do(FinalExamScore=Excellent),0.512,0.25899999999999995,0.10271488595438175,0.05181572629051623,0.10267879948914432,0.05183507853403141,True,True,True,True
45,168,do(PriorGPA=High),0.0,0.14899999999999997,0.0,0.029601440576230487,0.0,0.02961583769633508,True,True,True,True
45,168,do(StudyHours=High),0.20199999999999996,0.10000000000000003,0.04032052821128451,0.02008103241296519,0.04032886334610472,0.020073952879581136,True,True,True,True
46,169,do(Attendance=Good),0.15600000000000003,0.08300000000000002,0.031101440576230543,0.016572028811524614,0.03103443877551021,0.01657381258023108,True,True,True,True
46,169,do(FinalExamScore=Excellent),0.498,0.25300000000000006,0.09966686674669872,0.0505906362545018,0.09964668367346943,0.05059884467265727,True,True,True,True
46,169,do(PriorGPA=High),0.0,0.13599999999999995,0.0,0.02721608643457385,0.0,0.027197047496790805,True,True,True,True
46,169,do(StudyHours=High),0.19899999999999995,0.10500000000000004,0.03981332533013207,0.02107683073229294,0.039735331632653054,0.0210699614890886,True,True,True,True
47,170,do(Attendance=Good),0.129,0.07,0.0259321728691477,0.014040216086434576,0.025942528735632187,0.01407697201017813,True,True,True,True
47,170,do(FinalExamScore=Excellent),0.499,0.26499999999999996,0.09957983193277312,0.05301980792316929,0.09967305236270757,0.05307506361323158,True,True,True,True
47,170,do(PriorGPA=High),0.0,0.14999999999999997,0.0,0.03007983193277311,0.0,0.03011068702290079,True,True,True,True
47,170,do(StudyHours=High),0.18200000000000005,0.09300000000000003,0.036299519807923175,0.01865366146458583,0.036349297573435496,0.018644402035623425,True,True,True,True
48,171,do(Attendance=Good),0.15100000000000002,0.08100000000000002,0.030116446578631495,0.016312725090036007,0.030088761174968115,0.016342707652060195,True,True,True,True
48,171,do(FinalExamScore=Excellent),0.514,0.26699999999999996,0.10274609843937577,0.0534075630252101,0.10273499361430402,0.053463701765860044,True,True,True,True
48,171,do(PriorGPA=High),0.0,0.14399999999999996,0.0,0.028642256902761093,0.0,0.028691301504251143,True,True,True,True
48,171,do(StudyHours=High),0.20199999999999996,0.10700000000000004,0.040085234093637484,0.021353541416566618,0.04007918263090682,0.0213721386527142,True,True,True,True
49,172,do(Attendance=Good),0.15100000000000002,0.06900000000000006,0.03018307322929173,0.013651260504201679,0.030219527760051046,0.013662420382165641,True,True,True,True
49,172,do(FinalExamScore=Excellent),0.482,0.22599999999999998,0.09669507803121244,0.045015006002400965,0.09676451818761972,0.045026114649681565,True,True,True,True
49,172,do(PriorGPA=High),0.0,0.136,0.0,0.027076830732292917,0.0,0.027082802547770707,True,True,True,True
49,172,do(StudyHours=High),0.18999999999999995,0.08599999999999997,0.037847539015606224,0.01718067226890757,0.037886407147415424,0.017167515923566884,True,True,True,True
50,173,do(Attendance=Good),0.15000000000000002,0.067,0.029614645858343336,0.013315726290516194,0.029656887755102057,0.013282067645181889,True,True,True,True
50,173,do(FinalExamScore=Excellent),0.485,0.24499999999999994,0.09614885954381755,0.0490360144057623,0.09617857142857142,0.048981493299298046,True,True,True,True
50,173,do(PriorGPA=High),0.0,0.14299999999999996,0.0,0.028579231692677065,0.0,0.028596681557115533,True,True,True,True
50,173,do(StudyHours=High),0.21199999999999997,0.10499999999999993,0.042151260504201676,0.020978391356542614,0.04213137755102042,0.020971920867900423,True,True,True,True
51,174,do(Attendance=Good),0.126,0.06000000000000005,0.024944177671068435,0.011903961584633832,0.024936183790682825,0.011903944020356216,True,True,True,True
51,174,do(FinalExamScore=Excellent),0.472,0.238,0.09411704681872751,0.04753421368547417,0.0940963624760689,0.04753244274809157,True,True,True,True
51,174,do(PriorGPA=High),0.0,0.14500000000000002,0.0,0.028945978391356514,0.0,0.028938931297709913,True,True,True,True
51,174,do(StudyHours=High),0.19799999999999995,0.10599999999999998,0.039613445378151285,0.02116506602641055,0.03963178047223989,0.021162213740458014,True,True,True,True
52,175,do(Attendance=Good),0.14300000000000002,0.07400000000000007,0.028793517406962787,0.0148919567827131,0.028813256851497798,0.014887404580152669,True,True,True,True
52,175,do(FinalExamScore=Excellent),0.496,0.236,0.09926590636254501,0.047378751500600225,0.09928489483747607,0.04739058524173029,True,True,True,True
52,175,do(PriorGPA=High),0.0,0.14100000000000001,0.0,0.028249099639855946,0.0,0.028247455470737926,True,True,True,True
52,175,do(StudyHours=High),0.19899999999999995,0.09899999999999998,0.03988415366146461,0.01987935174069627,0.03987699171446782,0.019867684478371533,True,True,True,True
53,176,do(Attendance=Good),0.129,0.064,0.02566326530612245,0.012730492196878773,0.02564413265306123,0.012743403693931371,True,True,True,True
53,176,do(FinalExamScore=Excellent),0.487,0.23999999999999994,0.09786794717887154,0.04795378151260504,0.09782525510204082,0.04797493403693931,True,True,True,True
53,176,do(PriorGPA=High),0.0,0.15699999999999997,0.0,0.03139195678271309,0.0,0.031395118733509225,True,True,True,True
53,176,do(StudyHours=High),0.19499999999999995,0.09200000000000003,0.039292917166866725,0.01825810324129651,0.03930038265306124,0.018259894459102893,True,True,True,True
54,177,do(Attendance=Good),0.16500000000000004,0.08400000000000002,0.032879351740696255,0.016855942376950817,0.03291060025542786,0.016827168367346906,True,True,True,True
54,177,do(FinalExamScore=Excellent),0.502,0.26399999999999996,0.10021308523409367,0.05298979591836736,0.10027522349936141,0.05299808673469386,True,True,True,True
54,177,do(PriorGPA=High),0.0,0.15499999999999997,0.0,0.031102641056422575,0.0,0.03106186224489796,True,True,True,True
54,177,do(StudyHours=High),0.19099999999999995,0.11100000000000004,0.0381512605042017,0.022307923169267718,0.03820242656449557,0.02231887755102041,True,True,True,True
55,178,do(Attendance=Good),0.14400000000000002,0.067,0.028925570228091224,0.013424369747899179,0.02894891443167305,0.013402605863192196,True,True,True,True
55,178,do(FinalExamScore=Excellent),0.49,0.23599999999999993,0.09806842737094834,0.047221488595438205,0.09815389527458493,0.047102931596091246,True,True,True,True
55,178,do(PriorGPA=High),0.0,0.14199999999999996,0.0,0.028330132052821116,0.0,0.02828403908794791,True,True,True,True
55,178,do(StudyHours=High),0.18999999999999995,0.08200000000000002,0.03796638655462187,0.01631212484994002,0.038041507024265675,0.016237785016286643,True,True,True,True
56,179,do(Attendance=Good),0.15100000000000002,0.07700000000000007,0.030336734693877543,0.015361344537815125,0.03032714468629963,0.015372924648786729,True,True,True,True
56,179,do(FinalExamScore=Excellent),0.491,0.248,0.09831992797118841,0.04961644657863146,0.09834635083226634,0.049673052362707526,True,True,True,True
56,179,do(PriorGPA=High),0.0,0.14800000000000002,0.0,0.029548619447779145,0.0,0.029561302681992363,True,True,True,True
56,179,do(StudyHours=High),0.20199999999999996,0.09899999999999998,0.04025690276110444,0.019678271308523426,0.04027528809218947,0.01972733077905492,True,True,True,True
57,180,do(Attendance=Good),0.16100000000000003,0.08500000000000002,0.03213325330132055,0.017189675870348142,0.03214267515923566,0.01716178343949043,True,True,True,True
57,180,do(FinalExamScore=Excellent),0.515,0.26799999999999996,0.1030612244897959,0.05402340936374547,0.10311146496815282,0.053996178343949014,True,True,True,True
57,180,do(PriorGPA=High),0.0,0.15999999999999998,0.0,0.032173469387755116,0.0,0.03214904458598722,True,True,True,True
57,180,do(StudyHours=High),0.21899999999999997,0.11300000000000004,0.044000600240096055,0.022859543817527,0.04407324840764329,0.02282929936305733,True,True,True,True
58,181,do(Attendance=Good),0.14300000000000002,0.07100000000000001,0.028531212484994017,0.014230492196878747,0.028540229885057472,0.014252252252252212,True,True,True,True
58,181,do(FinalExamScore=Excellent),0.507,0.26399999999999996,0.10123229291716687,0.05287454981992795,0.10122733077905494,0.052916344916344865,True,True,True,True
58,181,do(PriorGPA=High),0.0,0.15799999999999997,0.0,0.031536014405762314,0.0,0.031454311454311434,True,True,True,True
58,181,do(StudyHours=High),0.20599999999999996,0.10700000000000004,0.04109363745498201,0.021421368547418995,0.04107471264367815,0.021454311454311425,True,True,True,True
59,182,do(Attendance=Good),0.128,0.05500000000000005,0.025750300120047975,0.011021608643457359,0.025740268028079133,0.011000637755101988,True,True,True,True
59,182,do(FinalExamScore=Excellent),0.484,0.23399999999999999,0.09669267707082824,0.0468547418967587,0.09667326100829607,0.04682461734693874,True,True,True,True
59,182,do(PriorGPA=High),0.0,0.14,0.0,0.028049819927971176,0.0,0.028028061224489753,True,True,True,True
59,182,do(StudyHours=High),0.19899999999999995,0.09499999999999997,0.039745498199279694,0.01886614645858342,0.03973069559668152,0.01883099489795914,True,True,True,True
60,183,do(Attendance=Good),0.13,0.07200000000000001,0.025989795918367364,0.01444777911164466,0.02598243331164604,0.014440051020408157,True,True,True,True
60,183,do(FinalExamScore=Excellent),0.47,0.27199999999999996,0.09410144057623054,0.054317527010804334,0.09418347430058552,0.054373086734693876,True,True,True,True
60,183,do(PriorGPA=High),0.0,0.14699999999999996,0.0,0.02951140456182469,0.0,0.029561224489795923,True,True,True,True
60,183,do(StudyHours=High),0.18799999999999994,0.11199999999999993,0.03767466986794718,0.02246698679471787,0.03773845152895247,0.022502551020408185,True,True,True,True
61,184,do(Attendance=Good),0.15200000000000002,0.07500000000000001,0.030686674669867936,0.014962184873949569,0.030714741544352275,0.014954777070063707,True,True,True,True
61,184,do(FinalExamScore=Excellent),0.497,0.24399999999999994,0.09944417767106845,0.04874249699879954,0.09953031269942567,0.048729936305732496,True,True,True,True
61,184,do(PriorGPA=High),0.0,0.15399999999999997,0.0,0.03076230492196877,0.0,0.030791719745222934,True,True,True,True
61,184,do(StudyHours=High),0.21499999999999997,0.10499999999999993,0.04288235294117648,0.020897358943577443,0.04293682195277601,0.02090764331210193,True,True,True,True
62,185,do(Attendance=Good),0.15600000000000003,0.07500000000000001,0.031022809123649464,0.014987995198079224,0.031032071840923686,0.014961710274409706,True,True,True,True
62,185,do(FinalExamScore=Excellent),0.509,0.26099999999999995,0.10168907563025209,0.052353541416566646,0.10176010262989099,0.05231333758774728,True,True,True,True
62,185,do(PriorGPA=High),0.0,0.14799999999999996,0.0,0.02952400960384155,0.0,0.02955009572431397,True,True,True,True
62,185,do(StudyHours=High),0.18700000000000006,0.10500000000000004,0.03739495798319328,0.02097478991596638,0.03744964720974986,0.020978302488832173,True,True,True,True
63,186,do(Attendance=Good),0.137,0.06500000000000006,0.027515606242496993,0.013057022809123658,0.027464582003828952,0.013057254391672074,True,True,True,True
63,186,do(FinalExamScore=Excellent),0.471,0.239,0.09423289315726294,0.04812424969987994,0.09421569878749203,0.04814834092387771,True,True,True,True
63,186,do(PriorGPA=High),0.0,0.15300000000000002,0.0,0.03064465786314524,0.0,0.03067924528301888,True,True,True,True
63,186,do(StudyHours=High),0.20599999999999996,0.09899999999999998,0.04131932773109245,0.020010804321728665,0.04131652839821312,0.020014964216005182,True,True,True,True
64,187,do(Attendance=Good),0.14300000000000002,0.065,0.028539615846338517,0.013060024009603849,0.028592568015925718,0.013068921506062536,True,True,True,True
64,187,do(FinalExamScore=Excellent),0.511,0.24700000000000005,0.1023343337334934,0.04947058823529413,0.10239880557398809,0.04951180599872365,True,True,True,True
64,187,do(PriorGPA=High),0.0,0.172,0.0,0.03435834333733495,0.0,0.03437268666241225,True,True,True,True
64,187,do(StudyHours=High),0.20899999999999996,0.09300000000000003,0.041792316926770684,0.01853541416566623,0.04183477106834771,0.018553286534779806,True,True,True,True
65,188,do(Attendance=Good),0.14700000000000002,0.068,0.029360144057623022,0.013587034813925591,0.02939631043256999,0.013609787508048948,True,True,True,True
65,188,do(FinalExamScore=Excellent),0.491,0.23899999999999993,0.09831392557022808,0.04772268907563024,0.09836577608142497,0.04774951706374758,True,True,True,True
65,188,do(PriorGPA=High),0.0,0.12799999999999995,0.0,0.025730492196878757,0.0,0.025705730843528646,True,True,True,True
65,188,do(StudyHours=High),0.19699999999999995,0.10200000000000004,0.039425570228091206,0.02030672268907563,0.03944720101781174,0.020325177076625872,True,True,True,True
66,189,do(Attendance=Good),0.14900000000000002,0.07300000000000001,0.029807322929171653,0.014435174069627854,0.029839579224194612,0.014462715105162505,True,True,True,True
66,189,do(FinalExamScore=Excellent),0.502,0.25399999999999995,0.10029831932773109,0.05069687875150061,0.10035305719921106,0.05073422562141491,True,True,True,True
66,189,do(PriorGPA=High),0.0,0.13599999999999995,0.0,0.02718607442977189,0.0,0.02718929254302102,True,True,True,True
66,189,do(StudyHours=High),0.19399999999999995,0.09700000000000003,0.038793517406962796,0.019416566626650644,0.03882642998027616,0.019430210325047798,True,True,True,True
67,190,do(Attendance=Good),0.15700000000000003,0.08300000000000002,0.0313007202881152,0.01675870348139258,0.03129464285714287,0.01674010217113664,True,True,True,True
67,190,do(FinalExamScore=Excellent),0.472,0.23599999999999993,0.09423469387755101,0.04708223289315727,0.09427997448979591,0.04704980842911874,True,True,True,True
67,190,do(PriorGPA=High),0.0,0.15999999999999998,0.0,0.032013805522208894,0.0,0.032030012771392086,True,True,True,True
67,190,do(StudyHours=High),0.18999999999999995,0.09600000000000003,0.03795498199279709,0.019225090036014414,0.03796875000000002,0.01919604086845464,True,True,True,True
68,191,do(Attendance=Good),0.121,0.06500000000000006,0.02424429771908762,0.012938175270108043,0.02424429967426714,0.012931078493937431,True,True,True,True
68,191,do(FinalExamScore=Excellent),0.46099999999999997,0.24,0.09229351740696287,0.04786494597839136,0.09232182410423459,0.04780727504786214,True,True,True,True
68,191,do(PriorGPA=High),0.0,0.15700000000000003,0.0,0.03112364945978391,0.0,0.031095724313975726,True,True,True,True
68,191,do(StudyHours=High),0.17299999999999993,0.08999999999999997,0.03473589435774313,0.017872749099639845,0.03471530944625409,0.01787236758136565,True,True,True,True
69,192,do(Attendance=Good),0.14200000000000002,0.067,0.028550420168067248,0.013406962785114024,0.028520661157024813,0.013434948979591854,True,True,True,True
69,192,do(FinalExamScore=Excellent),0.492,0.24999999999999994,0.09838835534213689,0.0500060024009604,0.09838143674507313,0.05001339285714285,True,True,True,True
69,192,do(PriorGPA=High),0.0,0.16299999999999998,0.0,0.0327797118847539,0.0,0.03276721938775512,True,True,True,True
69,192,do(StudyHours=High),0.19999999999999996,0.10799999999999993,0.03996758703481393,0.02148799519807923,0.039949141767323615,0.02150892857142858,True,True,True,True
70,193,do(Attendance=Good),0.14,0.05800000000000005,0.02803601440576231,0.011679471788715479,0.028040868454661527,0.01170787247885488,True,True,True,True
70,193,do(FinalExamScore=Excellent),0.471,0.21399999999999997,0.09423289315726291,0.042835534213685494,0.09422796934865899,0.04282823682498371,True,True,True,True
70,193,do(PriorGPA=High),0.0,0.128,0.0,0.025471788715486166,0.0,0.025477553675992165,True,True,True,True
70,193,do(StudyHours=High),0.18999999999999995,0.09199999999999997,0.03811524609843939,0.018435774309723874,0.03812324393358876,0.018417696811971362,True,True,True,True
71,194,do(Attendance=Good),0.15000000000000002,0.08700000000000002,0.029993397358943574,0.017279711884753884,0.029940012763241902,0.017304015296367076,True,True,True,True
71,194,do(FinalExamScore=Excellent),0.48,0.25299999999999995,0.09597238895558224,0.05048079231692679,0.09587811104020427,0.05052390057361375,True,True,True,True
71,194,do(PriorGPA=High),0.0,0.14699999999999996,0.0,0.029437575030011986,0.0,0.0294295729764181,True,True,True,True
71,194,do(StudyHours=High),0.20499999999999996,0.11300000000000004,0.0409747899159664,0.02253241296518607,0.040938098276962376,0.022554493307839374,True,True,True,True
72,195,do(Attendance=Good),0.14500000000000002,0.07600000000000001,0.029052821128451367,0.01526050420168068,0.029074380165289265,0.015292091836734717,True,True,True,True
72,195,do(FinalExamScore=Excellent),0.512,0.26299999999999996,0.10227851140456179,0.05254561824729892,0.10230387794024154,0.052556122448979586,True,True,True,True
72,195,do(PriorGPA=High),0.0,0.13499999999999995,0.0,0.02696518607442977,0.0,0.02698341836734694,True,True,True,True
72,195,do(StudyHours=High),0.22199999999999998,0.11300000000000004,0.044256902761104416,0.022548019207683095,0.04432803560076287,0.02255676020408165,True,True,True,True
73,196,do(Attendance=Good),0.136,0.059,0.02699039615846338,0.011649459783913546,0.026959157626036984,0.011650763358778626,True,True,True,True
73,196,do(FinalExamScore=Excellent),0.474,0.22700000000000004,0.09473049219687874,0.04530312124849939,0.0947000638162093,0.04527480916030535,True,True,True,True
73,196,do(PriorGPA=High),0.0,0.13799999999999996,0.0,0.027608043217286937,0.0,0.02761259541984734,True,True,True,True
73,196,do(StudyHours=High),0.18399999999999994,0.09000000000000002,0.036790516206482604,0.017840336134453794,0.036827058072750496,0.017829516539440204,True,True,True,True
74,197,do(Attendance=Good),0.15400000000000003,0.07500000000000001,0.03085114045618248,0.015114645858343295,0.030829081632653077,0.015132737715379707,True,True,True,True
74,197,do(FinalExamScore=Excellent),0.518,0.26499999999999996,0.10344057623049219,0.05317406962785112,0.10330420918367347,0.05321506062539888,True,True,True,True
74,197,do(PriorGPA=High),0.0,0.14399999999999996,0.0,0.02894957983193272,0.0,0.028978302488832153,True,True,True,True
74,197,do(StudyHours=High),0.21399999999999997,0.10300000000000004,0.0429117647058824,0.02070768307322926,0.042797193877551015,0.020709636247606883,True,True,True,True
75,198,do(Attendance=Good),0.128,0.064,0.02558763505402159,0.012804321728691503,0.025556435643564357,0.012817589576547217,True,True,True,True
75,198,do(FinalExamScore=Excellent),0.479,0.24399999999999994,0.0959471788715486,0.04879651860744297,0.09607260726072608,0.04882866449511403,True,True,True,True
75,198,do(PriorGPA=High),0.0,0.14099999999999996,0.0,0.02824549819927971,0.0,0.02825407166123778,True,True,True,True
75,198,do(StudyHours=High),0.20099999999999996,0.11099999999999993,0.040312725090036,0.022180672268907575,0.04033795379537955,0.02219609120521171,True,True,True,True
76,199,do(Attendance=Good),0.137,0.07,0.027570828331332564,0.01406122448979591,0.027552248677248675,0.014075015893197707,True,True,True,True
76,199,do(FinalExamScore=Excellent),0.492,0.25099999999999995,0.09871548619447776,0.05019807923169267,0.09874206349206346,0.05017482517482516,True,True,True,True
76,199,do(PriorGPA=High),0.0,0.14199999999999996,0.0,0.02862484993997602,0.0,0.028589955499046416,True,True,True,True
76,199,do(StudyHours=High),0.20999999999999996,0.10699999999999993,0.042354741896758724,0.021417166866746717,0.042373677248677216,0.021394787031150636,True,True,True,True
77,200,do(Attendance=Good),0.14400000000000002,0.07500000000000001,0.028634453781512637,0.015016806722689069,0.028623717948717903,0.015018134715025971,True,True,True,True
77,200,do(FinalExamScore=Excellent),0.513,0.25999999999999995,0.1024975990396158,0.05186314525810323,0.10246923076923073,0.051852979274611466,True,True,True,True
77,200,do(PriorGPA=High),0.0,0.14299999999999996,0.0,0.02864045618247299,0.0,0.028677461139896415,True,True,True,True
77,200,do(StudyHours=High),0.21499999999999997,0.11500000000000005,0.04293577430972387,0.023099039615846362,0.04293333333333332,0.02309909326424872,True,True,True,True
78,201,do(Attendance=Good),0.14500000000000002,0.07800000000000001,0.028722088835534204,0.015436374549819915,0.028698979591836732,0.015402937420178786,True,True,True,True
78,201,do(FinalExamScore=Excellent),0.497,0.26099999999999995,0.09915846338535411,0.0520060024009604,0.09911224489795914,0.051903575989782874,True,True,True,True
78,201,do(PriorGPA=High),0.0,0.15399999999999997,0.0,0.03072569027611044,0.0,0.030690932311621982,True,True,True,True
78,201,do(StudyHours=High),0.20899999999999996,0.11100000000000004,0.041835534213685466,0.022270708283313317,0.041785076530612225,0.022219029374201754,True,True,True,True
79,202,do(Attendance=Good),0.14700000000000002,0.07300000000000001,0.02913685474189673,0.014675870348139275,0.029147415443522673,0.014684311224489766,True,True,True,True
79,202,do(FinalExamScore=Excellent),0.492,0.25299999999999995,0.09799219687875146,0.05067286914765906,0.09800574345883853,0.05068367346938771,True,True,True,True
79,202,do(PriorGPA=High),0.0,0.15599999999999997,0.0,0.031401560624249675,0.0,0.03142920918367342,True,True,True,True
79,202,do(StudyHours=High),0.20099999999999996,0.09800000000000003,0.04005222088835533,0.019694477791116438,0.04005360561582641,0.019714285714285656,True,True,True,True
80,203,do(Attendance=Good),0.16400000000000003,0.07600000000000001,0.03284813925570232,0.015243097238895525,0.03277226463104324,0.015221938775510174,True,True,True,True
80,203,do(FinalExamScore=Excellent),0.529,0.26399999999999996,0.10604861944777916,0.05285774309723887,0.10597201017811708,0.052869897959183676,True,True,True,True
80,203,do(PriorGPA=High),0.0,0.13099999999999995,0.0,0.026334333733493365,0.0,0.026309311224489762,True,True,True,True
80,203,do(StudyHours=High),0.20600000000000007,0.10200000000000004,0.04127310924369751,0.02040996398559422,0.041251272264631045,0.02042028061224488,True,True,True,True
81,204,do(Attendance=Good),0.14600000000000002,0.07,0.02925270108043221,0.014012605042016818,0.029283942558746723,0.014050335570469807,True,True,True,True
81,204,do(FinalExamScore=Excellent),0.499,0.24599999999999994,0.09980072028811526,0.04915666266506605,0.09989556135770239,0.04918120805369128,True,True,True,True
81,204,do(PriorGPA=High),0.0,0.15399999999999997,0.0,0.030694477791116476,0.0,0.030630201342281893,True,True,True,True
81,204,do(StudyHours=High),0.20199999999999996,0.10600000000000004,0.04036014405762309,0.021141056422569027,0.04038968668407314,0.021158389261744986,True,True,True,True
82,205,do(Attendance=Good),0.15800000000000003,0.07700000000000001,0.0314981992797119,0.01527551020408166,0.03152564102564104,0.01530076628352492,True,True,True,True
82,205,do(FinalExamScore=Excellent),0.52,0.25300000000000006,0.10383913565426173,0.050339135654261735,0.103875,0.05037420178799493,True,True,True,True
82,205,do(PriorGPA=High),0.0,0.15599999999999997,0.0,0.0311818727490997,0.0,0.031189016602809705,True,True,True,True
82,205,do(StudyHours=High),0.22799999999999998,0.11000000000000004,0.04559903961584638,0.021938775510204095,0.04559294871794872,0.0219380587484036,True,True,True,True
83,206,do(Attendance=Good),0.14100000000000001,0.07600000000000001,0.02820228091236493,0.015047418967587017,0.02822541507024265,0.015036328871892907,True,True,True,True
83,206,do(FinalExamScore=Excellent),0.49,0.25199999999999995,0.09757022809123653,0.0502082833133253,0.0975989782886334,0.05026067558954747,True,True,True,True
83,206,do(PriorGPA=High),0.0,0.16399999999999998,0.0,0.0327250900360144,0.0,0.032771191841937525,True,True,True,True
83,206,do(StudyHours=High),0.20899999999999996,0.11400000000000005,0.04165666266506601,0.02269447779111644,0.04169029374201788,0.02270936902485657,True,True,True,True
84,207,do(Attendance=Good),0.134,0.068,0.026881152460984353,0.013569627851140437,0.02688888888888888,0.013564660691421204,True,True,True,True
84,207,do(FinalExamScore=Excellent),0.509,0.25400000000000006,0.10174789915966392,0.0506998799519808,0.10175862068965519,0.05066645326504479,True,True,True,True
84,207,do(PriorGPA=High),0.0,0.16499999999999998,0.0,0.0328643457382953,0.0,0.03288732394366195,True,True,True,True
84,207,do(StudyHours=High),0.19200000000000006,0.08400000000000002,0.038286914765906344,0.016702881152460963,0.03821647509578546,0.016676696542893693,True,True,True,True
85,208,do(Attendance=Good),0.14400000000000002,0.066,0.028653061224489795,0.013177070828331333,0.02868686224489797,0.013194639438417394,True,True,True,True
85,208,do(FinalExamScore=Excellent),0.509,0.23700000000000004,0.1014381752701081,0.04730252100840335,0.1014929846938776,0.047325462667517554,True,True,True,True
85,208,do(PriorGPA=High),0.0,0.13399999999999995,0.0,0.026691476590636254,0.0,0.02674282067645181,True,True,True,True
85,208,do(StudyHours=High),0.20599999999999996,0.10300000000000004,0.04091056422569028,0.02056062424969987,0.040933673469387755,0.020562220804084236,True,True,True,True
86,209,do(Attendance=Good),0.129,0.07,0.02562064825930374,0.013992797118847544,0.02560934458144065,0.01397830248883214,True,True,True,True
86,209,do(FinalExamScore=Excellent),0.478,0.26499999999999996,0.09525090036014414,0.05289195678271308,0.09525113562621673,0.05285577536694322,True,True,True,True
86,209,do(PriorGPA=High),0.0,0.15799999999999997,0.0,0.031767707082833135,0.0,0.03177345245692406,True,True,True,True
86,209,do(StudyHours=High),0.18499999999999994,0.10100000000000003,0.03682352941176473,0.020242496998799514,0.036813108371187564,0.02021633694958519,True,True,True,True
87,210,do(Attendance=Good),0.14700000000000002,0.08100000000000002,0.029303121248499375,0.016096038415366137,0.02927632418634335,0.01608553971486762,True,True,True,True
87,210,do(FinalExamScore=Excellent),0.48,0.25799999999999995,0.09602701080432172,0.05146938775510204,0.09593618379068283,0.051488119484046135,True,True,True,True
87,210,do(PriorGPA=High),0.0,0.175,0.0,0.03505942376950777,0.0,0.03506924643584522,True,True,True,True
87,210,do(StudyHours=High),0.18099999999999994,0.10100000000000003,0.036235294117647004,0.02017527010804321,0.03618379068283342,0.02016972165648334,True,True,True,True
88,211,do(Attendance=Good),0.14800000000000002,0.07300000000000001,0.029612845138055205,0.014567827130852334,0.02960242501595406,0.01455165816326534,True,True,True,True
88,211,do(FinalExamScore=Excellent),0.496,0.25199999999999995,0.09922028811524611,0.05032112845138054,0.09917932354818129,0.05031441326530611,True,True,True,True
88,211,do(PriorGPA=High),0.0,0.14999999999999997,0.0,0.03011464585834331,0.0,0.030185586734693903,True,True,True,True
88,211,do(StudyHours=High),0.19299999999999995,0.09400000000000003,0.03867346938775512,0.018671668667467,0.03869112954690493,0.01863520408163269,True,True,True,True
89,212,do(Attendance=Good),0.13,0.056999999999999995,0.02595198079231692,0.011394357743097216,0.02602425015954052,0.011423446508648294,True,True,True,True
89,212,do(FinalExamScore=Excellent),0.491,0.23399999999999993,0.09803361344537811,0.04669987995198077,0.09815762603701333,0.046752081998718775,True,True,True,True
89,212,do(PriorGPA=High),0.0,0.14899999999999997,0.0,0.02993517406962784,0.0,0.029957719410634187,True,True,True,True
89,212,do(StudyHours=High),0.18699999999999994,0.08800000000000002,0.0374309723889556,0.017472388955582258,0.03750031908104659,0.017479820627802706,True,True,True,True
90,213,do(Attendance=Good),0.14100000000000001,0.07,0.02818667466986796,0.01389615846338535,0.02817142857142857,0.013864603481624771,True,True,True,True
90,213,do(FinalExamScore=Excellent),0.479,0.24599999999999994,0.09552641056422567,0.04910804321728687,0.09551238095238093,0.049037395228884645,True,True,True,True
90,213,do(PriorGPA=High),0.0,0.16199999999999998,0.0,0.03234933973589432,0.0,0.03234364925854291,True,True,True,True
90,213,do(StudyHours=High),0.19099999999999995,0.09700000000000003,0.03801980792316925,0.01931692677070826,0.038021587301587306,0.019321083172147036,True,True,True,True
91,214,do(Attendance=Good),0.15500000000000003,0.07700000000000001,0.030956182472989147,0.015274309723889573,0.030919694072657766,0.015326114649681533,True,True,True,True
91,214,do(FinalExamScore=Excellent),0.504,0.25700000000000006,0.10089075630252103,0.051542016806722685,0.10088846398980245,0.05160636942675159,True,True,True,True
91,214,do(PriorGPA=High),0.0,0.15799999999999997,0.0,0.03166326530612246,0.0,0.03165859872611462,True,True,True,True
91,214,do(StudyHours=High),0.19499999999999995,0.10500000000000004,0.03912124849939974,0.020899159663865574,0.039147227533460865,0.020919108280254756,True,True,True,True
