seed,n_samples,n_eval,alpha_used,compression_ratio,neuron_f1,assembly_f1,preservation_score,n_neuron_edges,n_assembly_edges
42,1000,1000,0.1,1.0751161590087766,0.888888888888889,0.888888888888889,0.9444444444444444,5,5
43,1000,1000,0.1,1.0676749551397078,1.0,1.0,1.0,4,4
44,1000,1000,0.1,1.0678118189975645,1.0,1.0,1.0,4,4
45,1000,1000,0.1,1.0726242595930982,0.888888888888889,0.888888888888889,0.9444444444444444,5,5
46,1000,1000,0.1,1.0654898951138398,1.0,1.0,1.0,4,4
47,1000,1000,0.1,1.063178047223995,1.0,1.0,1.0,4,4
48,1000,1000,0.1,1.0717961914565106,1.0,1.0,1.0,4,4
49,1000,1000,0.1,1.0704189154459007,1.0,1.0,1.0,4,4
50,1000,1000,0.1,1.065217391304348,1.0,1.0,1.0,4,4
51,1000,1000,0.1,1.0661717650070395,0.888888888888889,0.888888888888889,0.9444444444444444,5,5
52,1000,1000,0.1,1.0649450268473537,1.0,1.0,1.0,4,4
53,1000,1000,0.1,1.0702813825003212,1.0,1.0,1.0,4,4
54,1000,1000,0.1,1.0794350136063238,1.0,1.0,1.0,4,4
55,1000,1000,0.1,1.0684966649563878,1.0,1.0,1.0,4,4
56,1000,1000,0.1,1.067948717948718,0.888888888888889,0.888888888888889,0.9444444444444444,5,5
57,1000,1000,0.1,1.0630423685553854,1.0,1.0,1.0,4,4
58,1000,1000,0.1,1.0693196405648266,0.5454545454545454,0.5454545454545454,0.7727272727272727,7,7
59,1000,1000,0.1,1.0671278503715091,0.888888888888889,0.888888888888889,0.9444444444444444,5,5
60,1000,1000,0.1,1.0717961914565106,0.888888888888889,0.888888888888889,0.9444444444444444,5,5
61,1000,1000,0.1,1.0705564837424495,1.0,1.0,1.0,4,4
62,1000,1000,0.1,1.0735919577265112,1.0,1.0,1.0,4,4
63,1000,1000,0.1,1.0715204527913558,1.0,1.0,1.0,4,4
64,1000,1000,0.1,1.079295154185022,1.0,1.0,1.0,4,4
65,1000,1000,0.1,1.0658989123480487,0.888888888888889,0.888888888888889,0.9444444444444444,5,5
66,1000,1000,0.1,1.0687708493713113,0.888888888888889,0.888888888888889,0.9444444444444444,5,5
67,1000,1000,0.1,1.0705564837424495,0.888888888888889,0.888888888888889,0.9444444444444444,5,5
68,1000,1000,0.1,1.0689079943539073,0.8,0.8,0.9,6,6
69,1000,1000,0.1,1.0734536082474226,0.888888888888889,0.888888888888889,0.9444444444444444,5,5
70,1000,1000,0.1,1.072762395363812,1.0,1.0,1.0,4,4
71,1000,1000,0.1,1.0680856520066675,1.0,1.0,1.0,4,4
72,1000,1000,0.1,1.0667178896145473,1.0,1.0,1.0,4,4
73,1000,1000,0.1,1.0773409208484221,1.0,1.0,1.0,4,4
74,1000,1000,0.1,1.0637211084152727,0.888888888888889,0.888888888888889,0.9444444444444444,5,5
75,1000,1000,0.1,1.074977416440831,1.0,1.0,1.0,4,4
76,1000,1000,0.1,1.0758104094020406,1.0,1.0,1.0,4,4
77,1000,1000,0.1,1.0667178896145473,1.0,1.0,1.0,4,4
78,1000,1000,0.1,1.0654898951138398,1.0,1.0,1.0,4,4
79,1000,1000,0.1,1.0684966649563878,0.888888888888889,0.888888888888889,0.9444444444444444,5,5
80,1000,1000,0.1,1.0661717650070395,1.0,1.0,1.0,4,4
81,1000,1000,0.1,1.07831715210356,1.0,1.0,1.0,4,4
82,1000,1000,0.1,1.0654898951138398,1.0,1.0,1.0,4,4
83,1000,1000,0.1,1.0637211084152727,1.0,1.0,1.0,4,4
84,1000,1000,0.1,1.070694087403599,0.75,0.75,0.875,4,4
85,1000,1000,0.1,1.0716583043869805,0.75,0.75,0.875,4,4
86,1000,1000,0.1,1.0680856520066675,0.888888888888889,0.888888888888889,0.9444444444444444,5,5
87,1000,1000,0.1,1.0762273901808785,1.0,1.0,1.0,4,4
88,1000,1000,0.1,1.0638569604086845,0.888888888888889,0.888888888888889,0.9444444444444444,5,5
89,1000,1000,0.1,1.0644007155635062,0.888888888888889,0.888888888888889,0.9444444444444444,5,5
90,1000,1000,0.1,1.0649450268473537,1.0,1.0,1.0,4,4
91,1000,1000,0.1,1.0819586959345369,1.0,1.0,1.0,4,4
