Dataset,Method,Seed,Config,Neuron_F1,Assembly_F1,Gap_AssemblyMinusNeuron,GT_Edges,Neuron_Edges,Assembly_Edges
Alzheimers,ges,42,Bernoulli_pos0.20_neg0.10,0.9,0.17391304347826086,-0.7260869565217392,10,10,13
Alzheimers,ges,42,Bernoulli_pos0.30_neg0.10,0.9,0.34782608695652173,-0.5521739130434783,10,10,13
Alzheimers,ges,42,Bernoulli_pos0.40_neg0.10,0.9,0.17391304347826086,-0.7260869565217392,10,10,13
Alzheimers,ges,42,Bernoulli_pos0.30_neg0.05,0.9,0.4000000000000001,-0.49999999999999994,10,10,10
Alzheimers,ges,42,Bernoulli_pos0.30_neg0.15,0.9,0.16666666666666666,-0.7333333333333334,10,10,14
Alzheimers,ges,42,Deterministic_kstep5,0.9,0.9,0.0,10,10,10
Alzheimers,ges,42,Deterministic_kstep10,0.9,0.9,0.0,10,10,10
Alzheimers,ges,42,Deterministic_kstep15,0.9,0.9,0.0,10,10,10
Alzheimers,ges,73,Bernoulli_pos0.20_neg0.10,0.9,0.15384615384615385,-0.7461538461538462,10,10,16
Alzheimers,ges,73,Bernoulli_pos0.30_neg0.10,0.9,0.28571428571428564,-0.6142857142857143,10,10,11
Alzheimers,ges,73,Bernoulli_pos0.40_neg0.10,0.9,0.25,-0.65,10,10,14
Alzheimers,ges,73,Bernoulli_pos0.30_neg0.05,0.9,0.3,-0.6000000000000001,10,10,10
Alzheimers,ges,73,Bernoulli_pos0.30_neg0.15,0.8421052631578948,0.07692307692307693,-0.7651821862348178,10,9,16
Alzheimers,ges,73,Deterministic_kstep5,0.8000000000000002,0.8000000000000002,0.0,10,10,10
Alzheimers,ges,73,Deterministic_kstep10,0.8000000000000002,0.8000000000000002,0.0,10,10,10
Alzheimers,ges,73,Deterministic_kstep15,0.8000000000000002,0.8000000000000002,0.0,10,10,10
Alzheimers,ges,101,Bernoulli_pos0.20_neg0.10,0.6666666666666666,0.1904761904761905,-0.47619047619047616,10,11,11
Alzheimers,ges,101,Bernoulli_pos0.30_neg0.10,0.6666666666666666,0.23076923076923075,-0.4358974358974359,10,11,16
Alzheimers,ges,101,Bernoulli_pos0.40_neg0.10,0.6666666666666666,0.5217391304347826,-0.14492753623188404,10,11,13
Alzheimers,ges,101,Bernoulli_pos0.30_neg0.05,0.6666666666666666,0.3636363636363636,-0.30303030303030304,10,11,12
Alzheimers,ges,101,Bernoulli_pos0.30_neg0.15,0.6666666666666666,0.3076923076923077,-0.3589743589743589,10,11,16
Alzheimers,ges,101,Deterministic_kstep5,0.7,0.7,0.0,10,10,10
Alzheimers,ges,101,Deterministic_kstep10,0.7,0.7,0.0,10,10,10
Alzheimers,ges,101,Deterministic_kstep15,0.7,0.7,0.0,10,10,10
Alzheimers,ges,131,Bernoulli_pos0.20_neg0.10,0.8000000000000002,0.0909090909090909,-0.7090909090909092,10,10,12
Alzheimers,ges,131,Bernoulli_pos0.30_neg0.10,0.8000000000000002,0.2608695652173913,-0.5391304347826089,10,10,13
Alzheimers,ges,131,Bernoulli_pos0.40_neg0.10,0.8000000000000002,0.64,-0.16000000000000014,10,10,15
Alzheimers,ges,131,Bernoulli_pos0.30_neg0.05,0.8000000000000002,0.28571428571428564,-0.5142857142857145,10,10,11
Alzheimers,ges,131,Bernoulli_pos0.30_neg0.15,0.8000000000000002,0.14814814814814817,-0.651851851851852,10,10,17
Alzheimers,ges,131,Deterministic_kstep5,0.8000000000000002,0.8000000000000002,0.0,10,10,10
Alzheimers,ges,131,Deterministic_kstep10,0.8000000000000002,0.8000000000000002,0.0,10,10,10
Alzheimers,ges,131,Deterministic_kstep15,0.8000000000000002,0.8000000000000002,0.0,10,10,10
Alzheimers,ges,151,Bernoulli_pos0.20_neg0.10,0.9,0.1818181818181818,-0.7181818181818183,10,10,12
Alzheimers,ges,151,Bernoulli_pos0.30_neg0.10,0.9,0.3636363636363636,-0.5363636363636364,10,10,12
Alzheimers,ges,151,Bernoulli_pos0.40_neg0.10,0.9,0.2608695652173913,-0.6391304347826088,10,10,13
Alzheimers,ges,151,Bernoulli_pos0.30_neg0.05,0.9,0.6,-0.30000000000000004,10,10,10
Alzheimers,ges,151,Bernoulli_pos0.30_neg0.15,0.9473684210526316,0.15384615384615385,-0.7935222672064778,10,9,16
Alzheimers,ges,151,Deterministic_kstep5,0.9,0.9,0.0,10,10,10
Alzheimers,ges,151,Deterministic_kstep10,0.9,0.9,0.0,10,10,10
Alzheimers,ges,151,Deterministic_kstep15,0.9,0.9,0.0,10,10,10
Alzheimers,ges,181,Bernoulli_pos0.20_neg0.10,0.8571428571428572,0.20000000000000004,-0.6571428571428571,10,11,10
Alzheimers,ges,181,Bernoulli_pos0.30_neg0.10,0.9,0.25,-0.65,10,10,14
Alzheimers,ges,181,Bernoulli_pos0.40_neg0.10,0.9,0.3157894736842105,-0.5842105263157895,10,10,9
Alzheimers,ges,181,Bernoulli_pos0.30_neg0.05,0.9,0.3,-0.6000000000000001,10,10,10
Alzheimers,ges,181,Bernoulli_pos0.30_neg0.15,0.8571428571428572,0.15384615384615385,-0.7032967032967034,10,11,16
Alzheimers,ges,181,Deterministic_kstep5,0.9,0.9,0.0,10,10,10
Alzheimers,ges,181,Deterministic_kstep10,0.9,0.9,0.0,10,10,10
Alzheimers,ges,181,Deterministic_kstep15,0.9,0.9,0.0,10,10,10
Alzheimers,ges,211,Bernoulli_pos0.20_neg0.10,1.0,0.0,-1.0,10,10,13
Alzheimers,ges,211,Bernoulli_pos0.30_neg0.10,1.0,0.34782608695652173,-0.6521739130434783,10,10,13
Alzheimers,ges,211,Bernoulli_pos0.40_neg0.10,1.0,0.25,-0.75,10,10,14
Alzheimers,ges,211,Bernoulli_pos0.30_neg0.05,1.0,0.45454545454545453,-0.5454545454545454,10,10,12
Alzheimers,ges,211,Bernoulli_pos0.30_neg0.15,1.0,0.23076923076923075,-0.7692307692307693,10,10,16
Alzheimers,ges,211,Deterministic_kstep5,1.0,1.0,0.0,10,10,10
Alzheimers,ges,211,Deterministic_kstep10,1.0,1.0,0.0,10,10,10
Alzheimers,ges,211,Deterministic_kstep15,1.0,1.0,0.0,10,10,10
Alzheimers,ges,241,Bernoulli_pos0.20_neg0.10,0.9,0.24,-0.66,10,10,15
Alzheimers,ges,241,Bernoulli_pos0.30_neg0.10,0.9,0.37037037037037035,-0.5296296296296297,10,10,17
Alzheimers,ges,241,Bernoulli_pos0.40_neg0.10,0.9,0.4615384615384615,-0.4384615384615385,10,10,16
Alzheimers,ges,241,Bernoulli_pos0.30_neg0.05,0.9,0.47619047619047616,-0.42380952380952386,10,10,11
Alzheimers,ges,241,Bernoulli_pos0.30_neg0.15,0.9473684210526316,0.38461538461538464,-0.5627530364372471,10,9,16
Alzheimers,ges,241,Deterministic_kstep5,0.9,0.9,0.0,10,10,10
Alzheimers,ges,241,Deterministic_kstep10,0.9,0.9,0.0,10,10,10
Alzheimers,ges,241,Deterministic_kstep15,0.9,0.9,0.0,10,10,10
Alzheimers,ges,271,Bernoulli_pos0.20_neg0.10,0.9,0.4,-0.5,10,10,15
Alzheimers,ges,271,Bernoulli_pos0.30_neg0.10,0.9,0.631578947368421,-0.268421052631579,10,10,9
Alzheimers,ges,271,Bernoulli_pos0.40_neg0.10,0.9,0.6,-0.30000000000000004,10,10,10
Alzheimers,ges,271,Bernoulli_pos0.30_neg0.05,0.9,0.4210526315789474,-0.4789473684210526,10,10,9
Alzheimers,ges,271,Bernoulli_pos0.30_neg0.15,0.9,0.08333333333333333,-0.8166666666666667,10,10,14
Alzheimers,ges,271,Deterministic_kstep5,0.9,0.9,0.0,10,10,10
Alzheimers,ges,271,Deterministic_kstep10,0.9,0.9,0.0,10,10,10
Alzheimers,ges,271,Deterministic_kstep15,0.9,0.9,0.0,10,10,10
Alzheimers,ges,301,Bernoulli_pos0.20_neg0.10,0.8571428571428572,0.25,-0.6071428571428572,10,11,14
Alzheimers,ges,301,Bernoulli_pos0.30_neg0.10,0.8571428571428572,0.4000000000000001,-0.45714285714285713,10,11,10
Alzheimers,ges,301,Bernoulli_pos0.40_neg0.10,0.8571428571428572,0.20000000000000004,-0.6571428571428571,10,11,10
Alzheimers,ges,301,Bernoulli_pos0.30_neg0.05,0.8571428571428572,0.5,-0.3571428571428572,10,11,10
Alzheimers,ges,301,Bernoulli_pos0.30_neg0.15,0.8571428571428572,0.2608695652173913,-0.5962732919254659,10,11,13
Alzheimers,ges,301,Deterministic_kstep5,0.8571428571428572,0.8571428571428572,0.0,10,11,11
Alzheimers,ges,301,Deterministic_kstep10,0.8571428571428572,0.8571428571428572,0.0,10,11,11
Alzheimers,ges,301,Deterministic_kstep15,0.8571428571428572,0.8571428571428572,0.0,10,11,11
Stroke,ges,42,Bernoulli_pos0.20_neg0.10,1.0,0.5454545454545454,-0.4545454545454546,5,5,6
Stroke,ges,42,Bernoulli_pos0.30_neg0.10,1.0,0.4000000000000001,-0.5999999999999999,5,5,5
Stroke,ges,42,Bernoulli_pos0.40_neg0.10,1.0,0.5454545454545454,-0.4545454545454546,5,5,6
Stroke,ges,42,Bernoulli_pos0.30_neg0.05,1.0,0.5,-0.5,5,5,7
Stroke,ges,42,Bernoulli_pos0.30_neg0.15,1.0,0.25,-0.75,5,5,3
Stroke,ges,42,Deterministic_kstep5,1.0,1.0,0.0,5,5,5
Stroke,ges,42,Deterministic_kstep10,1.0,1.0,0.0,5,5,5
Stroke,ges,42,Deterministic_kstep15,1.0,1.0,0.0,5,5,5
Stroke,ges,73,Bernoulli_pos0.20_neg0.10,1.0,0.8000000000000002,-0.19999999999999984,5,5,5
Stroke,ges,73,Bernoulli_pos0.30_neg0.10,1.0,0.8000000000000002,-0.19999999999999984,5,5,5
Stroke,ges,73,Bernoulli_pos0.40_neg0.10,1.0,0.5454545454545454,-0.4545454545454546,5,5,6
Stroke,ges,73,Bernoulli_pos0.30_neg0.05,1.0,0.7499999999999999,-0.2500000000000001,5,5,3
Stroke,ges,73,Bernoulli_pos0.30_neg0.15,1.0,0.6153846153846154,-0.3846153846153846,5,5,8
Stroke,ges,73,Deterministic_kstep5,1.0,1.0,0.0,5,5,5
Stroke,ges,73,Deterministic_kstep10,1.0,1.0,0.0,5,5,5
Stroke,ges,73,Deterministic_kstep15,1.0,1.0,0.0,5,5,5
Stroke,ges,101,Bernoulli_pos0.20_neg0.10,1.0,0.20000000000000004,-0.7999999999999999,5,5,5
Stroke,ges,101,Bernoulli_pos0.30_neg0.10,1.0,0.7272727272727272,-0.2727272727272728,5,5,6
Stroke,ges,101,Bernoulli_pos0.40_neg0.10,1.0,0.7272727272727272,-0.2727272727272728,5,5,6
Stroke,ges,101,Bernoulli_pos0.30_neg0.05,1.0,0.7272727272727272,-0.2727272727272728,5,5,6
Stroke,ges,101,Bernoulli_pos0.30_neg0.15,1.0,0.16666666666666666,-0.8333333333333334,5,5,7
Stroke,ges,101,Deterministic_kstep5,1.0,0.888888888888889,-0.11111111111111105,5,5,4
Stroke,ges,101,Deterministic_kstep10,1.0,0.888888888888889,-0.11111111111111105,5,5,4
Stroke,ges,101,Deterministic_kstep15,1.0,0.888888888888889,-0.11111111111111105,5,5,4
Stroke,ges,131,Bernoulli_pos0.20_neg0.10,1.0,0.4444444444444445,-0.5555555555555556,5,5,4
Stroke,ges,131,Bernoulli_pos0.30_neg0.10,1.0,0.6666666666666666,-0.33333333333333337,5,5,7
Stroke,ges,131,Bernoulli_pos0.40_neg0.10,1.0,0.3636363636363636,-0.6363636363636365,5,5,6
Stroke,ges,131,Bernoulli_pos0.30_neg0.05,1.0,0.7272727272727272,-0.2727272727272728,5,5,6
Stroke,ges,131,Bernoulli_pos0.30_neg0.15,1.0,0.16666666666666666,-0.8333333333333334,5,5,7
Stroke,ges,131,Deterministic_kstep5,1.0,1.0,0.0,5,5,5
Stroke,ges,131,Deterministic_kstep10,1.0,1.0,0.0,5,5,5
Stroke,ges,131,Deterministic_kstep15,1.0,1.0,0.0,5,5,5
Stroke,ges,151,Bernoulli_pos0.20_neg0.10,0.7272727272727272,0.5,-0.22727272727272718,5,6,7
Stroke,ges,151,Bernoulli_pos0.30_neg0.10,1.0,0.5714285714285714,-0.4285714285714286,5,5,9
Stroke,ges,151,Bernoulli_pos0.40_neg0.10,1.0,0.3636363636363636,-0.6363636363636365,5,5,6
Stroke,ges,151,Bernoulli_pos0.30_neg0.05,1.0,0.3333333333333333,-0.6666666666666667,5,5,7
Stroke,ges,151,Bernoulli_pos0.30_neg0.15,0.7272727272727272,0.3636363636363636,-0.3636363636363636,5,6,6
Stroke,ges,151,Deterministic_kstep5,1.0,1.0,0.0,5,5,5
Stroke,ges,151,Deterministic_kstep10,1.0,0.888888888888889,-0.11111111111111105,5,5,4
Stroke,ges,151,Deterministic_kstep15,1.0,0.888888888888889,-0.11111111111111105,5,5,4
Stroke,ges,181,Bernoulli_pos0.20_neg0.10,0.9090909090909091,0.28571428571428575,-0.6233766233766234,5,6,2
Stroke,ges,181,Bernoulli_pos0.30_neg0.10,0.9090909090909091,0.4000000000000001,-0.509090909090909,5,6,5
Stroke,ges,181,Bernoulli_pos0.40_neg0.10,0.9090909090909091,0.5,-0.40909090909090906,5,6,7
Stroke,ges,181,Bernoulli_pos0.30_neg0.05,0.7272727272727272,0.6666666666666665,-0.06060606060606066,5,6,4
Stroke,ges,181,Bernoulli_pos0.30_neg0.15,0.7272727272727272,0.5454545454545454,-0.18181818181818177,5,6,6
Stroke,ges,181,Deterministic_kstep5,0.9090909090909091,1.0,0.09090909090909094,5,6,5
Stroke,ges,181,Deterministic_kstep10,0.9090909090909091,1.0,0.09090909090909094,5,6,5
Stroke,ges,181,Deterministic_kstep15,0.9090909090909091,1.0,0.09090909090909094,5,6,5
Stroke,ges,211,Bernoulli_pos0.20_neg0.10,1.0,0.4615384615384615,-0.5384615384615385,5,5,8
Stroke,ges,211,Bernoulli_pos0.30_neg0.10,1.0,0.5,-0.5,5,5,7
Stroke,ges,211,Bernoulli_pos0.40_neg0.10,1.0,0.5454545454545454,-0.4545454545454546,5,5,6
Stroke,ges,211,Bernoulli_pos0.30_neg0.05,1.0,0.6666666666666666,-0.33333333333333337,5,5,7
Stroke,ges,211,Bernoulli_pos0.30_neg0.15,1.0,0.4615384615384615,-0.5384615384615385,5,5,8
Stroke,ges,211,Deterministic_kstep5,1.0,1.0,0.0,5,5,5
Stroke,ges,211,Deterministic_kstep10,1.0,1.0,0.0,5,5,5
Stroke,ges,211,Deterministic_kstep15,1.0,1.0,0.0,5,5,5
Stroke,ges,241,Bernoulli_pos0.20_neg0.10,1.0,0.20000000000000004,-0.7999999999999999,5,5,5
Stroke,ges,241,Bernoulli_pos0.30_neg0.10,1.0,0.7272727272727272,-0.2727272727272728,5,5,6
Stroke,ges,241,Bernoulli_pos0.40_neg0.10,1.0,0.6666666666666665,-0.3333333333333335,5,5,4
Stroke,ges,241,Bernoulli_pos0.30_neg0.05,1.0,0.9090909090909091,-0.09090909090909094,5,5,6
Stroke,ges,241,Bernoulli_pos0.30_neg0.15,1.0,0.3076923076923077,-0.6923076923076923,5,5,8
Stroke,ges,241,Deterministic_kstep5,1.0,1.0,0.0,5,5,5
Stroke,ges,241,Deterministic_kstep10,1.0,1.0,0.0,5,5,5
Stroke,ges,241,Deterministic_kstep15,1.0,1.0,0.0,5,5,5
Stroke,ges,271,Bernoulli_pos0.20_neg0.10,1.0,0.33333333333333337,-0.6666666666666666,5,5,1
Stroke,ges,271,Bernoulli_pos0.30_neg0.10,1.0,0.3636363636363636,-0.6363636363636365,5,5,6
Stroke,ges,271,Bernoulli_pos0.40_neg0.10,1.0,0.8000000000000002,-0.19999999999999984,5,5,5
Stroke,ges,271,Bernoulli_pos0.30_neg0.05,1.0,0.3636363636363636,-0.6363636363636365,5,5,6
Stroke,ges,271,Bernoulli_pos0.30_neg0.15,1.0,0.5,-0.5,5,5,7
Stroke,ges,271,Deterministic_kstep5,1.0,0.9090909090909091,-0.09090909090909094,5,5,6
Stroke,ges,271,Deterministic_kstep10,1.0,0.9090909090909091,-0.09090909090909094,5,5,6
Stroke,ges,271,Deterministic_kstep15,1.0,0.9090909090909091,-0.09090909090909094,5,5,6
Stroke,ges,301,Bernoulli_pos0.20_neg0.10,1.0,0.6,-0.4,5,5,5
Stroke,ges,301,Bernoulli_pos0.30_neg0.10,1.0,0.5,-0.5,5,5,7
Stroke,ges,301,Bernoulli_pos0.40_neg0.10,1.0,0.1818181818181818,-0.8181818181818182,5,5,6
Stroke,ges,301,Bernoulli_pos0.30_neg0.05,1.0,0.9090909090909091,-0.09090909090909094,5,5,6
Stroke,ges,301,Bernoulli_pos0.30_neg0.15,1.0,0.4615384615384615,-0.5384615384615385,5,5,8
Stroke,ges,301,Deterministic_kstep5,1.0,1.0,0.0,5,5,5
Stroke,ges,301,Deterministic_kstep10,1.0,1.0,0.0,5,5,5
Stroke,ges,301,Deterministic_kstep15,1.0,1.0,0.0,5,5,5
Credit,ges,42,Bernoulli_pos0.20_neg0.10,0.75,0.4444444444444445,-0.3055555555555555,4,4,5
Credit,ges,42,Bernoulli_pos0.30_neg0.10,0.75,0.6,-0.15000000000000002,4,4,6
Credit,ges,42,Bernoulli_pos0.40_neg0.10,0.75,0.6666666666666665,-0.08333333333333348,4,4,5
Credit,ges,42,Bernoulli_pos0.30_neg0.05,0.75,0.4,-0.35,4,4,6
Credit,ges,42,Bernoulli_pos0.30_neg0.15,0.75,0.4444444444444445,-0.3055555555555555,4,4,5
Credit,ges,42,Deterministic_kstep5,0.75,0.75,0.0,4,4,4
Credit,ges,42,Deterministic_kstep10,0.75,0.75,0.0,4,4,4
Credit,ges,42,Deterministic_kstep15,0.75,0.75,0.0,4,4,4
Credit,ges,73,Bernoulli_pos0.20_neg0.10,1.0,0.75,-0.25,4,4,4
Credit,ges,73,Bernoulli_pos0.30_neg0.10,1.0,0.8571428571428571,-0.1428571428571429,4,4,3
Credit,ges,73,Bernoulli_pos0.40_neg0.10,1.0,0.75,-0.25,4,4,4
Credit,ges,73,Bernoulli_pos0.30_neg0.05,1.0,0.8571428571428571,-0.1428571428571429,4,4,3
Credit,ges,73,Bernoulli_pos0.30_neg0.15,1.0,0.4,-0.6,4,4,6
Credit,ges,73,Deterministic_kstep5,1.0,1.0,0.0,4,4,4
Credit,ges,73,Deterministic_kstep10,1.0,1.0,0.0,4,4,4
Credit,ges,73,Deterministic_kstep15,1.0,1.0,0.0,4,4,4
Credit,ges,101,Bernoulli_pos0.20_neg0.10,1.0,0.5714285714285715,-0.4285714285714285,4,4,3
Credit,ges,101,Bernoulli_pos0.30_neg0.10,1.0,0.5714285714285715,-0.4285714285714285,4,4,3
Credit,ges,101,Bernoulli_pos0.40_neg0.10,1.0,0.75,-0.25,4,4,4
Credit,ges,101,Bernoulli_pos0.30_neg0.05,1.0,0.8571428571428571,-0.1428571428571429,4,4,3
Credit,ges,101,Bernoulli_pos0.30_neg0.15,1.0,0.28571428571428575,-0.7142857142857142,4,4,3
Credit,ges,101,Deterministic_kstep5,1.0,1.0,0.0,4,4,4
Credit,ges,101,Deterministic_kstep10,1.0,1.0,0.0,4,4,4
Credit,ges,101,Deterministic_kstep15,1.0,1.0,0.0,4,4,4
Credit,ges,131,Bernoulli_pos0.20_neg0.10,1.0,0.4444444444444445,-0.5555555555555556,4,4,5
Credit,ges,131,Bernoulli_pos0.30_neg0.10,1.0,0.5,-0.5,4,4,4
Credit,ges,131,Bernoulli_pos0.40_neg0.10,1.0,0.5714285714285715,-0.4285714285714285,4,4,3
Credit,ges,131,Bernoulli_pos0.30_neg0.05,1.0,0.75,-0.25,4,4,4
Credit,ges,131,Bernoulli_pos0.30_neg0.15,1.0,0.28571428571428575,-0.7142857142857142,4,4,3
Credit,ges,131,Deterministic_kstep5,1.0,1.0,0.0,4,4,4
Credit,ges,131,Deterministic_kstep10,1.0,1.0,0.0,4,4,4
Credit,ges,131,Deterministic_kstep15,1.0,1.0,0.0,4,4,4
Credit,ges,151,Bernoulli_pos0.20_neg0.10,1.0,0.5,-0.5,4,4,4
Credit,ges,151,Bernoulli_pos0.30_neg0.10,1.0,1.0,0.0,4,4,4
Credit,ges,151,Bernoulli_pos0.40_neg0.10,1.0,0.5,-0.5,4,4,4
Credit,ges,151,Bernoulli_pos0.30_neg0.05,1.0,1.0,0.0,4,4,4
Credit,ges,151,Bernoulli_pos0.30_neg0.15,1.0,0.6,-0.4,4,4,6
Credit,ges,151,Deterministic_kstep5,1.0,1.0,0.0,4,4,4
Credit,ges,151,Deterministic_kstep10,1.0,1.0,0.0,4,4,4
Credit,ges,151,Deterministic_kstep15,1.0,1.0,0.0,4,4,4
Credit,ges,181,Bernoulli_pos0.20_neg0.10,1.0,0.5,-0.5,4,4,4
Credit,ges,181,Bernoulli_pos0.30_neg0.10,1.0,0.5,-0.5,4,4,4
Credit,ges,181,Bernoulli_pos0.40_neg0.10,1.0,0.5,-0.5,4,4,4
Credit,ges,181,Bernoulli_pos0.30_neg0.05,1.0,0.5,-0.5,4,4,4
Credit,ges,181,Bernoulli_pos0.30_neg0.15,1.0,0.5714285714285715,-0.4285714285714285,4,4,3
Credit,ges,181,Deterministic_kstep5,1.0,1.0,0.0,4,4,4
Credit,ges,181,Deterministic_kstep10,1.0,1.0,0.0,4,4,4
Credit,ges,181,Deterministic_kstep15,1.0,1.0,0.0,4,4,4
Credit,ges,211,Bernoulli_pos0.20_neg0.10,1.0,0.6666666666666665,-0.3333333333333335,4,4,5
Credit,ges,211,Bernoulli_pos0.30_neg0.10,1.0,0.4,-0.6,4,4,6
Credit,ges,211,Bernoulli_pos0.40_neg0.10,1.0,1.0,0.0,4,4,4
Credit,ges,211,Bernoulli_pos0.30_neg0.05,1.0,0.75,-0.25,4,4,4
Credit,ges,211,Bernoulli_pos0.30_neg0.15,1.0,0.6,-0.4,4,4,6
Credit,ges,211,Deterministic_kstep5,1.0,1.0,0.0,4,4,4
Credit,ges,211,Deterministic_kstep10,1.0,1.0,0.0,4,4,4
Credit,ges,211,Deterministic_kstep15,1.0,1.0,0.0,4,4,4
Credit,ges,241,Bernoulli_pos0.20_neg0.10,0.75,0.5,-0.25,4,4,4
Credit,ges,241,Bernoulli_pos0.30_neg0.10,0.75,0.6666666666666666,-0.08333333333333337,4,4,2
Credit,ges,241,Bernoulli_pos0.40_neg0.10,0.75,1.0,0.25,4,4,4
Credit,ges,241,Bernoulli_pos0.30_neg0.05,0.75,0.8571428571428571,0.1071428571428571,4,4,3
Credit,ges,241,Bernoulli_pos0.30_neg0.15,0.75,0.5714285714285715,-0.1785714285714285,4,4,3
Credit,ges,241,Deterministic_kstep5,0.75,0.75,0.0,4,4,4
Credit,ges,241,Deterministic_kstep10,0.75,0.75,0.0,4,4,4
Credit,ges,241,Deterministic_kstep15,0.75,0.75,0.0,4,4,4
Credit,ges,271,Bernoulli_pos0.20_neg0.10,1.0,0.0,-1.0,4,4,3
Credit,ges,271,Bernoulli_pos0.30_neg0.10,1.0,0.75,-0.25,4,4,4
Credit,ges,271,Bernoulli_pos0.40_neg0.10,1.0,0.5,-0.5,4,4,4
Credit,ges,271,Bernoulli_pos0.30_neg0.05,1.0,0.75,-0.25,4,4,4
Credit,ges,271,Bernoulli_pos0.30_neg0.15,1.0,0.4444444444444445,-0.5555555555555556,4,4,5
Credit,ges,271,Deterministic_kstep5,1.0,1.0,0.0,4,4,4
Credit,ges,271,Deterministic_kstep10,1.0,1.0,0.0,4,4,4
Credit,ges,271,Deterministic_kstep15,1.0,1.0,0.0,4,4,4
Credit,ges,301,Bernoulli_pos0.20_neg0.10,1.0,0.75,-0.25,4,4,4
Credit,ges,301,Bernoulli_pos0.30_neg0.10,1.0,0.22222222222222224,-0.7777777777777778,4,4,5
Credit,ges,301,Bernoulli_pos0.40_neg0.10,1.0,1.0,0.0,4,4,4
Credit,ges,301,Bernoulli_pos0.30_neg0.05,1.0,0.5714285714285715,-0.4285714285714285,4,4,3
Credit,ges,301,Bernoulli_pos0.30_neg0.15,1.0,0.4,-0.6,4,4,6
Credit,ges,301,Deterministic_kstep5,1.0,1.0,0.0,4,4,4
Credit,ges,301,Deterministic_kstep10,1.0,1.0,0.0,4,4,4
Credit,ges,301,Deterministic_kstep15,1.0,1.0,0.0,4,4,4
Student,ges,42,Bernoulli_pos0.20_neg0.10,0.888888888888889,0.5,-0.38888888888888895,4,5,4
Student,ges,42,Bernoulli_pos0.30_neg0.10,0.888888888888889,0.888888888888889,0.0,4,5,5
Student,ges,42,Bernoulli_pos0.40_neg0.10,0.888888888888889,1.0,0.11111111111111105,4,5,4
Student,ges,42,Bernoulli_pos0.30_neg0.05,0.888888888888889,0.75,-0.13888888888888895,4,5,4
Student,ges,42,Bernoulli_pos0.30_neg0.15,0.888888888888889,0.6666666666666665,-0.22222222222222243,4,5,5
Student,ges,42,Deterministic_kstep5,1.0,0.8571428571428571,-0.1428571428571429,4,4,3
Student,ges,42,Deterministic_kstep10,1.0,0.8571428571428571,-0.1428571428571429,4,4,3
Student,ges,42,Deterministic_kstep15,1.0,0.8571428571428571,-0.1428571428571429,4,4,3
Student,ges,73,Bernoulli_pos0.20_neg0.10,0.75,0.6666666666666666,-0.08333333333333337,4,4,2
Student,ges,73,Bernoulli_pos0.30_neg0.10,0.75,0.5,-0.25,4,4,4
Student,ges,73,Bernoulli_pos0.40_neg0.10,0.75,0.4444444444444445,-0.3055555555555555,4,4,5
Student,ges,73,Bernoulli_pos0.30_neg0.05,0.75,0.6666666666666665,-0.08333333333333348,4,4,5
Student,ges,73,Bernoulli_pos0.30_neg0.15,0.75,0.5,-0.25,4,4,4
Student,ges,73,Deterministic_kstep5,1.0,0.8571428571428571,-0.1428571428571429,4,4,3
Student,ges,73,Deterministic_kstep10,1.0,0.8571428571428571,-0.1428571428571429,4,4,3
Student,ges,73,Deterministic_kstep15,1.0,0.8571428571428571,-0.1428571428571429,4,4,3
Student,ges,101,Bernoulli_pos0.20_neg0.10,1.0,0.8571428571428571,-0.1428571428571429,4,4,3
Student,ges,101,Bernoulli_pos0.30_neg0.10,1.0,0.4444444444444445,-0.5555555555555556,4,4,5
Student,ges,101,Bernoulli_pos0.40_neg0.10,1.0,0.6666666666666665,-0.3333333333333335,4,4,5
Student,ges,101,Bernoulli_pos0.30_neg0.05,1.0,1.0,0.0,4,4,4
Student,ges,101,Bernoulli_pos0.30_neg0.15,1.0,0.75,-0.25,4,4,4
Student,ges,101,Deterministic_kstep5,0.8571428571428571,0.8571428571428571,0.0,4,3,3
Student,ges,101,Deterministic_kstep10,0.8571428571428571,0.8571428571428571,0.0,4,3,3
Student,ges,101,Deterministic_kstep15,0.8571428571428571,0.8571428571428571,0.0,4,3,3
Student,ges,131,Bernoulli_pos0.20_neg0.10,0.75,0.4444444444444445,-0.3055555555555555,4,4,5
Student,ges,131,Bernoulli_pos0.30_neg0.10,0.75,0.6,-0.15000000000000002,4,4,6
Student,ges,131,Bernoulli_pos0.40_neg0.10,0.75,0.75,0.0,4,4,4
Student,ges,131,Bernoulli_pos0.30_neg0.05,0.75,0.888888888888889,0.13888888888888895,4,4,5
Student,ges,131,Bernoulli_pos0.30_neg0.15,0.75,0.4444444444444445,-0.3055555555555555,4,4,5
Student,ges,131,Deterministic_kstep5,0.8571428571428571,0.8571428571428571,0.0,4,3,3
Student,ges,131,Deterministic_kstep10,0.8571428571428571,0.8571428571428571,0.0,4,3,3
Student,ges,131,Deterministic_kstep15,0.8571428571428571,0.8571428571428571,0.0,4,3,3
Student,ges,151,Bernoulli_pos0.20_neg0.10,1.0,0.0,-1.0,4,4,1
Student,ges,151,Bernoulli_pos0.30_neg0.10,1.0,0.8571428571428571,-0.1428571428571429,4,4,3
Student,ges,151,Bernoulli_pos0.40_neg0.10,1.0,0.75,-0.25,4,4,4
Student,ges,151,Bernoulli_pos0.30_neg0.05,1.0,0.75,-0.25,4,4,4
Student,ges,151,Bernoulli_pos0.30_neg0.15,1.0,0.6,-0.4,4,4,6
Student,ges,151,Deterministic_kstep5,0.8571428571428571,0.8571428571428571,0.0,4,3,3
Student,ges,151,Deterministic_kstep10,0.8571428571428571,0.8571428571428571,0.0,4,3,3
Student,ges,151,Deterministic_kstep15,0.8571428571428571,0.8571428571428571,0.0,4,3,3
Student,ges,181,Bernoulli_pos0.20_neg0.10,1.0,0.4,-0.6,4,4,6
Student,ges,181,Bernoulli_pos0.30_neg0.10,1.0,0.5,-0.5,4,4,4
Student,ges,181,Bernoulli_pos0.40_neg0.10,1.0,0.5,-0.5,4,4,4
Student,ges,181,Bernoulli_pos0.30_neg0.05,1.0,0.6666666666666665,-0.3333333333333335,4,4,5
Student,ges,181,Bernoulli_pos0.30_neg0.15,1.0,0.25,-0.75,4,4,4
Student,ges,181,Deterministic_kstep5,1.0,0.8571428571428571,-0.1428571428571429,4,4,3
Student,ges,181,Deterministic_kstep10,1.0,0.8571428571428571,-0.1428571428571429,4,4,3
Student,ges,181,Deterministic_kstep15,1.0,0.8571428571428571,-0.1428571428571429,4,4,3
Student,ges,211,Bernoulli_pos0.20_neg0.10,1.0,0.5,-0.5,4,4,4
Student,ges,211,Bernoulli_pos0.30_neg0.10,0.888888888888889,0.75,-0.13888888888888895,4,5,4
Student,ges,211,Bernoulli_pos0.40_neg0.10,0.888888888888889,0.888888888888889,0.0,4,5,5
Student,ges,211,Bernoulli_pos0.30_neg0.05,0.888888888888889,0.75,-0.13888888888888895,4,5,4
Student,ges,211,Bernoulli_pos0.30_neg0.15,0.888888888888889,0.5,-0.38888888888888895,4,5,4
Student,ges,211,Deterministic_kstep5,1.0,0.8571428571428571,-0.1428571428571429,4,4,3
Student,ges,211,Deterministic_kstep10,1.0,0.8571428571428571,-0.1428571428571429,4,4,3
Student,ges,211,Deterministic_kstep15,1.0,0.8571428571428571,-0.1428571428571429,4,4,3
Student,ges,241,Bernoulli_pos0.20_neg0.10,1.0,0.75,-0.25,4,4,4
Student,ges,241,Bernoulli_pos0.30_neg0.10,1.0,0.5714285714285715,-0.4285714285714285,4,4,3
Student,ges,241,Bernoulli_pos0.40_neg0.10,1.0,0.6,-0.4,4,4,6
Student,ges,241,Bernoulli_pos0.30_neg0.05,1.0,0.8571428571428571,-0.1428571428571429,4,4,3
Student,ges,241,Bernoulli_pos0.30_neg0.15,1.0,0.5714285714285715,-0.4285714285714285,4,4,3
Student,ges,241,Deterministic_kstep5,0.8571428571428571,0.8571428571428571,0.0,4,3,3
Student,ges,241,Deterministic_kstep10,0.8571428571428571,0.8571428571428571,0.0,4,3,3
Student,ges,241,Deterministic_kstep15,0.8571428571428571,0.8571428571428571,0.0,4,3,3
Student,ges,271,Bernoulli_pos0.20_neg0.10,1.0,0.8571428571428571,-0.1428571428571429,4,4,3
Student,ges,271,Bernoulli_pos0.30_neg0.10,1.0,0.5454545454545454,-0.4545454545454546,4,4,7
Student,ges,271,Bernoulli_pos0.40_neg0.10,1.0,0.4444444444444445,-0.5555555555555556,4,4,5
Student,ges,271,Bernoulli_pos0.30_neg0.05,1.0,0.888888888888889,-0.11111111111111105,4,4,5
Student,ges,271,Bernoulli_pos0.30_neg0.15,1.0,0.4444444444444445,-0.5555555555555556,4,4,5
Student,ges,271,Deterministic_kstep5,0.8571428571428571,0.8571428571428571,0.0,4,3,3
Student,ges,271,Deterministic_kstep10,0.8571428571428571,0.8571428571428571,0.0,4,3,3
Student,ges,271,Deterministic_kstep15,0.8571428571428571,0.8571428571428571,0.0,4,3,3
Student,ges,301,Bernoulli_pos0.20_neg0.10,1.0,0.75,-0.25,4,4,4
Student,ges,301,Bernoulli_pos0.30_neg0.10,1.0,0.75,-0.25,4,4,4
Student,ges,301,Bernoulli_pos0.40_neg0.10,1.0,0.6666666666666665,-0.3333333333333335,4,4,5
Student,ges,301,Bernoulli_pos0.30_neg0.05,1.0,1.0,0.0,4,4,4
Student,ges,301,Bernoulli_pos0.30_neg0.15,1.0,0.6666666666666665,-0.3333333333333335,4,4,5
Student,ges,301,Deterministic_kstep5,0.75,0.8571428571428571,0.1071428571428571,4,4,3
Student,ges,301,Deterministic_kstep10,0.75,0.8571428571428571,0.1071428571428571,4,4,3
Student,ges,301,Deterministic_kstep15,0.75,0.8571428571428571,0.1071428571428571,4,4,3
Vaccine,ges,42,Bernoulli_pos0.20_neg0.10,1.0,0.8571428571428571,-0.1428571428571429,3,3,4
Vaccine,ges,42,Bernoulli_pos0.30_neg0.10,1.0,0.6666666666666666,-0.33333333333333337,3,3,3
Vaccine,ges,42,Bernoulli_pos0.40_neg0.10,1.0,0.6666666666666666,-0.33333333333333337,3,3,3
Vaccine,ges,42,Bernoulli_pos0.30_neg0.05,1.0,0.6666666666666666,-0.33333333333333337,3,3,3
Vaccine,ges,42,Bernoulli_pos0.30_neg0.15,1.0,0.6666666666666666,-0.33333333333333337,3,3,3
Vaccine,ges,42,Deterministic_kstep5,1.0,1.0,0.0,3,3,3
Vaccine,ges,42,Deterministic_kstep10,1.0,1.0,0.0,3,3,3
Vaccine,ges,42,Deterministic_kstep15,1.0,1.0,0.0,3,3,3
Vaccine,ges,73,Bernoulli_pos0.20_neg0.10,1.0,0.6666666666666666,-0.33333333333333337,3,3,3
Vaccine,ges,73,Bernoulli_pos0.30_neg0.10,1.0,0.8,-0.19999999999999996,3,3,2
Vaccine,ges,73,Bernoulli_pos0.40_neg0.10,1.0,0.6666666666666666,-0.33333333333333337,3,3,3
Vaccine,ges,73,Bernoulli_pos0.30_neg0.05,1.0,0.8571428571428571,-0.1428571428571429,3,3,4
Vaccine,ges,73,Bernoulli_pos0.30_neg0.15,1.0,1.0,0.0,3,3,3
Vaccine,ges,73,Deterministic_kstep5,1.0,1.0,0.0,3,3,3
Vaccine,ges,73,Deterministic_kstep10,1.0,1.0,0.0,3,3,3
Vaccine,ges,73,Deterministic_kstep15,1.0,1.0,0.0,3,3,3
Vaccine,ges,101,Bernoulli_pos0.20_neg0.10,0.8571428571428571,0.6666666666666666,-0.19047619047619047,3,4,3
Vaccine,ges,101,Bernoulli_pos0.30_neg0.10,1.0,0.8571428571428571,-0.1428571428571429,3,3,4
Vaccine,ges,101,Bernoulli_pos0.40_neg0.10,1.0,0.8571428571428571,-0.1428571428571429,3,3,4
Vaccine,ges,101,Bernoulli_pos0.30_neg0.05,1.0,0.5714285714285715,-0.4285714285714285,3,3,4
Vaccine,ges,101,Bernoulli_pos0.30_neg0.15,0.8571428571428571,0.5714285714285715,-0.2857142857142856,3,4,4
Vaccine,ges,101,Deterministic_kstep5,1.0,1.0,0.0,3,3,3
Vaccine,ges,101,Deterministic_kstep10,1.0,1.0,0.0,3,3,3
Vaccine,ges,101,Deterministic_kstep15,1.0,1.0,0.0,3,3,3
Vaccine,ges,131,Bernoulli_pos0.20_neg0.10,1.0,0.6666666666666666,-0.33333333333333337,3,3,3
Vaccine,ges,131,Bernoulli_pos0.30_neg0.10,1.0,0.6666666666666666,-0.33333333333333337,3,3,3
Vaccine,ges,131,Bernoulli_pos0.40_neg0.10,1.0,0.6666666666666666,-0.33333333333333337,3,3,3
Vaccine,ges,131,Bernoulli_pos0.30_neg0.05,1.0,0.8571428571428571,-0.1428571428571429,3,3,4
Vaccine,ges,131,Bernoulli_pos0.30_neg0.15,1.0,0.8571428571428571,-0.1428571428571429,3,3,4
Vaccine,ges,131,Deterministic_kstep5,1.0,1.0,0.0,3,3,3
Vaccine,ges,131,Deterministic_kstep10,1.0,1.0,0.0,3,3,3
Vaccine,ges,131,Deterministic_kstep15,1.0,1.0,0.0,3,3,3
Vaccine,ges,151,Bernoulli_pos0.20_neg0.10,1.0,0.5714285714285715,-0.4285714285714285,3,3,4
Vaccine,ges,151,Bernoulli_pos0.30_neg0.10,1.0,0.6666666666666666,-0.33333333333333337,3,3,3
Vaccine,ges,151,Bernoulli_pos0.40_neg0.10,1.0,0.6666666666666666,-0.33333333333333337,3,3,3
Vaccine,ges,151,Bernoulli_pos0.30_neg0.05,1.0,0.6666666666666666,-0.33333333333333337,3,3,3
Vaccine,ges,151,Bernoulli_pos0.30_neg0.15,1.0,0.5714285714285715,-0.4285714285714285,3,3,4
Vaccine,ges,151,Deterministic_kstep5,1.0,1.0,0.0,3,3,3
Vaccine,ges,151,Deterministic_kstep10,1.0,1.0,0.0,3,3,3
Vaccine,ges,151,Deterministic_kstep15,1.0,1.0,0.0,3,3,3
Vaccine,ges,181,Bernoulli_pos0.20_neg0.10,0.8571428571428571,0.6666666666666666,-0.19047619047619047,3,4,3
Vaccine,ges,181,Bernoulli_pos0.30_neg0.10,0.8571428571428571,0.6666666666666666,-0.19047619047619047,3,4,3
Vaccine,ges,181,Bernoulli_pos0.40_neg0.10,1.0,0.8571428571428571,-0.1428571428571429,3,3,4
Vaccine,ges,181,Bernoulli_pos0.30_neg0.05,0.8571428571428571,0.6666666666666666,-0.19047619047619047,3,4,3
Vaccine,ges,181,Bernoulli_pos0.30_neg0.15,0.8571428571428571,0.4,-0.4571428571428571,3,4,2
Vaccine,ges,181,Deterministic_kstep5,1.0,1.0,0.0,3,3,3
Vaccine,ges,181,Deterministic_kstep10,1.0,1.0,0.0,3,3,3
Vaccine,ges,181,Deterministic_kstep15,1.0,1.0,0.0,3,3,3
Vaccine,ges,211,Bernoulli_pos0.20_neg0.10,0.5,0.5714285714285715,0.07142857142857151,3,5,4
Vaccine,ges,211,Bernoulli_pos0.30_neg0.10,0.8571428571428571,0.8571428571428571,0.0,3,4,4
Vaccine,ges,211,Bernoulli_pos0.40_neg0.10,0.8571428571428571,0.7499999999999999,-0.1071428571428572,3,4,5
Vaccine,ges,211,Bernoulli_pos0.30_neg0.05,0.8571428571428571,0.8571428571428571,0.0,3,4,4
Vaccine,ges,211,Bernoulli_pos0.30_neg0.15,0.8571428571428571,0.8571428571428571,0.0,3,4,4
Vaccine,ges,211,Deterministic_kstep5,0.8571428571428571,0.8571428571428571,0.0,3,4,4
Vaccine,ges,211,Deterministic_kstep10,0.8571428571428571,0.8571428571428571,0.0,3,4,4
Vaccine,ges,211,Deterministic_kstep15,0.8571428571428571,0.8571428571428571,0.0,3,4,4
Vaccine,ges,241,Bernoulli_pos0.20_neg0.10,0.3333333333333333,0.6666666666666666,0.3333333333333333,3,3,3
Vaccine,ges,241,Bernoulli_pos0.30_neg0.10,0.3333333333333333,0.6666666666666666,0.3333333333333333,3,3,3
Vaccine,ges,241,Bernoulli_pos0.40_neg0.10,0.3333333333333333,0.6666666666666666,0.3333333333333333,3,3,3
Vaccine,ges,241,Bernoulli_pos0.30_neg0.05,0.3333333333333333,0.6666666666666666,0.3333333333333333,3,3,3
Vaccine,ges,241,Bernoulli_pos0.30_neg0.15,0.3333333333333333,0.6666666666666666,0.3333333333333333,3,3,3
Vaccine,ges,241,Deterministic_kstep5,0.3333333333333333,0.3333333333333333,0.0,3,3,3
Vaccine,ges,241,Deterministic_kstep10,0.3333333333333333,0.3333333333333333,0.0,3,3,3
Vaccine,ges,241,Deterministic_kstep15,0.3333333333333333,0.3333333333333333,0.0,3,3,3
Vaccine,ges,271,Bernoulli_pos0.20_neg0.10,0.8571428571428571,0.5714285714285715,-0.2857142857142856,3,4,4
Vaccine,ges,271,Bernoulli_pos0.30_neg0.10,0.8571428571428571,0.5714285714285715,-0.2857142857142856,3,4,4
Vaccine,ges,271,Bernoulli_pos0.40_neg0.10,1.0,0.6666666666666666,-0.33333333333333337,3,3,3
Vaccine,ges,271,Bernoulli_pos0.30_neg0.05,1.0,0.6666666666666666,-0.33333333333333337,3,3,3
Vaccine,ges,271,Bernoulli_pos0.30_neg0.15,0.8571428571428571,0.5714285714285715,-0.2857142857142856,3,4,4
Vaccine,ges,271,Deterministic_kstep5,1.0,1.0,0.0,3,3,3
Vaccine,ges,271,Deterministic_kstep10,1.0,1.0,0.0,3,3,3
Vaccine,ges,271,Deterministic_kstep15,1.0,1.0,0.0,3,3,3
Vaccine,ges,301,Bernoulli_pos0.20_neg0.10,1.0,0.8571428571428571,-0.1428571428571429,3,3,4
Vaccine,ges,301,Bernoulli_pos0.30_neg0.10,1.0,0.6666666666666666,-0.33333333333333337,3,3,3
Vaccine,ges,301,Bernoulli_pos0.40_neg0.10,1.0,0.8571428571428571,-0.1428571428571429,3,3,4
Vaccine,ges,301,Bernoulli_pos0.30_neg0.05,1.0,0.6666666666666666,-0.33333333333333337,3,3,3
Vaccine,ges,301,Bernoulli_pos0.30_neg0.15,1.0,0.6666666666666666,-0.33333333333333337,3,3,3
Vaccine,ges,301,Deterministic_kstep5,1.0,1.0,0.0,3,3,3
Vaccine,ges,301,Deterministic_kstep10,1.0,1.0,0.0,3,3,3
Vaccine,ges,301,Deterministic_kstep15,1.0,1.0,0.0,3,3,3
