"Kind","Name","n","NeuronMean","NeuronSD","AssemblyMean","AssemblySD","GapMean","GapSD"
"PC_Config","Bernoulli_pos0.20_neg0.10","50","0.877","0.151","0.4","0.207","-0.476","0.252"
"PC_Config","Bernoulli_pos0.30_neg0.05","50","0.895","0.155","0.678","0.192","-0.217","0.193"
"PC_Config","Bernoulli_pos0.30_neg0.10","50","0.892","0.158","0.545","0.201","-0.348","0.235"
"PC_Config","Bernoulli_pos0.30_neg0.15","50","0.88","0.159","0.406","0.263","-0.474","0.278"
"PC_Config","Bernoulli_pos0.40_neg0.10","50","0.898","0.156","0.66","0.206","-0.238","0.201"
"PC_Config","Deterministic_kstep10","50","0.905","0.149","0.87","0.144","-0.035","0.066"
"PC_Config","Deterministic_kstep15","50","0.905","0.149","0.874","0.144","-0.031","0.062"
"PC_Config","Deterministic_kstep5","50","0.905","0.149","0.872","0.143","-0.033","0.063"
"Family","PC Deterministic-k","150","0.905","0.148","0.872","0.143","-0.033","0.063"
"Family","PC Bernoulli","250","0.888","0.155","0.538","0.245","-0.351","0.257"
"Family","GES Deterministic-k","150","0.989","0.043","0.962","0.06","-0.027","0.059"
"Family","GES Bernoulli","250","0.987","0.046","0.544","0.28","-0.443","0.283"
"Student","Student neuron_f1","50","0.944","0.09","0.545","1","",""
"Student","Student assembly_f1","50","0.944","0.09","0.545","1","",""
