Dataset,Config,Neuron_F1_mean,Neuron_F1_std,Assembly_F1_mean,Assembly_F1_std,Gap_mean,Gap_std,Runs
Alzheimers,Deterministic_kstep10,0.9847368421052632,0.03405949567920554,0.9847368421052632,0.03405949567920554,0.0,0.0,10
Alzheimers,Deterministic_kstep15,0.9847368421052632,0.03405949567920554,0.9847368421052632,0.03405949567920554,0.0,0.0,10
Alzheimers,Deterministic_kstep5,0.9847368421052632,0.03405949567920554,0.9847368421052632,0.03405949567920554,0.0,0.0,10
Alzheimers,Bernoulli_pos0.30_neg0.05,0.9742105263157894,0.056055308395024546,0.5561274509803921,0.1662675038731418,-0.41808307533539735,0.16112799997388538,10
Alzheimers,Bernoulli_pos0.40_neg0.10,0.9742105263157894,0.056055308395024546,0.4959087481146304,0.13069341420227587,-0.47830177820115904,0.16895888297863887,10
Alzheimers,Bernoulli_pos0.30_neg0.10,0.9689473684210526,0.055835245484821314,0.46664335664335665,0.14491197601310107,-0.502304011777696,0.17467806428264548,10
Alzheimers,Bernoulli_pos0.30_neg0.15,0.9689473684210526,0.055835245484821314,0.2074259074259074,0.13966224346424122,-0.7615214609951452,0.17352776558584326,10
Alzheimers,Bernoulli_pos0.20_neg0.10,0.9642105263157894,0.059741929865519315,0.19685314685314687,0.17530491889739844,-0.7673573794626426,0.15650146734540876,10
Credit,Deterministic_kstep10,1.0,0.0,1.0,0.0,0.0,0.0,10
Credit,Deterministic_kstep15,1.0,0.0,1.0,0.0,0.0,0.0,10
Credit,Deterministic_kstep5,1.0,0.0,1.0,0.0,0.0,0.0,10
Credit,Bernoulli_pos0.30_neg0.05,1.0,0.0,0.7892857142857143,0.09084615254150755,-0.21071428571428577,0.09084615254150755,10
Credit,Bernoulli_pos0.40_neg0.10,1.0,0.0,0.7702380952380953,0.15038059551411762,-0.22976190476190478,0.1503805955141176,10
Credit,Bernoulli_pos0.30_neg0.10,1.0,0.0,0.5580952380952381,0.26086662940497507,-0.4419047619047619,0.26086662940497507,10
Credit,Bernoulli_pos0.20_neg0.10,1.0,0.0,0.14666666666666667,0.24705674861666307,-0.8533333333333333,0.24705674861666307,10
Credit,Bernoulli_pos0.30_neg0.15,1.0,0.0,0.14666666666666667,0.24705674861666307,-0.8533333333333333,0.24705674861666305,10
Stroke,Deterministic_kstep10,1.0,0.0,0.9666666666666668,0.053671765726627525,-0.03333333333333331,0.05367176572662752,10
Stroke,Deterministic_kstep15,1.0,0.0,0.9666666666666668,0.053671765726627525,-0.03333333333333331,0.05367176572662752,10
Stroke,Deterministic_kstep5,1.0,0.0,0.9666666666666668,0.053671765726627525,-0.03333333333333331,0.05367176572662752,10
Stroke,Bernoulli_pos0.30_neg0.05,1.0,0.0,0.7714574314574315,0.14186787388511593,-0.22854256854256852,0.14186787388511593,10
Stroke,Bernoulli_pos0.40_neg0.10,1.0,0.0,0.6468253968253969,0.17165215023818342,-0.35317460317460314,0.17165215023818342,10
Stroke,Bernoulli_pos0.30_neg0.10,1.0,0.0,0.5857142857142857,0.12137928245429974,-0.41428571428571426,0.12137928245429971,10
Stroke,Bernoulli_pos0.20_neg0.10,1.0,0.0,0.16666666666666669,0.17568209223157666,-0.8333333333333334,0.17568209223157666,10
Stroke,Bernoulli_pos0.30_neg0.15,1.0,0.0,0.1,0.16101529717988267,-0.9,0.16101529717988267,10
Student,Deterministic_kstep10,0.9607142857142857,0.08658617402841992,0.8571428571428571,0.0,-0.1035714285714286,0.08658617402841992,10
Student,Deterministic_kstep15,0.9607142857142857,0.08658617402841992,0.8571428571428571,0.0,-0.1035714285714286,0.08658617402841992,10
Student,Deterministic_kstep5,0.9607142857142857,0.08658617402841992,0.8571428571428571,0.0,-0.1035714285714286,0.08658617402841992,10
Student,Bernoulli_pos0.40_neg0.10,0.975,0.07905694150420951,0.8464285714285713,0.03388154635894691,-0.12857142857142861,0.08940468264532661,10
Student,Bernoulli_pos0.30_neg0.05,0.975,0.07905694150420951,0.8428571428571429,0.09700737517839696,-0.13214285714285717,0.10247780579360641,10
Student,Bernoulli_pos0.30_neg0.10,0.975,0.07905694150420951,0.8166666666666667,0.0690065559342354,-0.15833333333333338,0.11515460047510914,10
Student,Bernoulli_pos0.20_neg0.10,0.975,0.07905694150420951,0.6021428571428571,0.2246366849195389,-0.3728571428571429,0.21326387758240134,10
Student,Bernoulli_pos0.30_neg0.15,0.975,0.07905694150420951,0.5371428571428571,0.26878223555259756,-0.43785714285714283,0.2591739547599271,10
Vaccine,Deterministic_kstep10,1.0,0.0,1.0,0.0,0.0,0.0,10
Vaccine,Deterministic_kstep15,1.0,0.0,1.0,0.0,0.0,0.0,10
Vaccine,Deterministic_kstep5,1.0,0.0,1.0,0.0,0.0,0.0,10
Vaccine,Bernoulli_pos0.20_neg0.10,0.9714285714285713,0.060233860193683444,0.6857142857142857,0.06023386019368341,-0.28571428571428575,0.07776157913597391,10
Vaccine,Bernoulli_pos0.30_neg0.05,1.0,0.0,0.6666666666666666,0.0,-0.33333333333333337,0.0,10
Vaccine,Bernoulli_pos0.30_neg0.10,1.0,0.0,0.6666666666666666,0.0,-0.33333333333333337,0.0,10
Vaccine,Bernoulli_pos0.30_neg0.15,0.9857142857142858,0.04517539514526258,0.6666666666666666,0.0,-0.3190476190476191,0.04517539514526258,10
Vaccine,Bernoulli_pos0.40_neg0.10,1.0,0.0,0.6666666666666666,0.0,-0.33333333333333337,0.0,10
