Dataset,Seed,Config,Neuron_F1,Assembly_F1,Gap_AssemblyMinusNeuron,GT_Edges,Neuron_Edges,Assembly_Edges
Alzheimers,42,Bernoulli_pos0.20_neg0.10,0.5714285714285713,0.3529411764705882,-0.21848739495798308,10,11,7
Alzheimers,42,Bernoulli_pos0.30_neg0.10,0.5714285714285713,0.4210526315789474,-0.15037593984962389,10,11,9
Alzheimers,42,Bernoulli_pos0.40_neg0.10,0.5714285714285713,0.2727272727272727,-0.2987012987012986,10,11,12
Alzheimers,42,Bernoulli_pos0.30_neg0.05,0.5714285714285713,0.631578947368421,0.06015037593984973,10,11,9
Alzheimers,42,Bernoulli_pos0.30_neg0.15,0.5714285714285713,0.20000000000000004,-0.3714285714285712,10,11,10
Alzheimers,42,Deterministic_kstep5,0.5714285714285713,0.5714285714285713,0.0,10,11,11
Alzheimers,42,Deterministic_kstep10,0.5714285714285713,0.5714285714285713,0.0,10,11,11
Alzheimers,42,Deterministic_kstep15,0.5714285714285713,0.5714285714285713,0.0,10,11,11
Alzheimers,73,Bernoulli_pos0.20_neg0.10,0.7,0.28571428571428564,-0.4142857142857143,10,10,11
Alzheimers,73,Bernoulli_pos0.30_neg0.10,0.7,0.4000000000000001,-0.2999999999999999,10,10,10
Alzheimers,73,Bernoulli_pos0.40_neg0.10,0.7,0.28571428571428564,-0.4142857142857143,10,10,11
Alzheimers,73,Bernoulli_pos0.30_neg0.05,0.7,0.6666666666666665,-0.03333333333333344,10,10,8
Alzheimers,73,Bernoulli_pos0.30_neg0.15,0.7,0.0909090909090909,-0.609090909090909,10,10,12
Alzheimers,73,Deterministic_kstep5,0.7,0.7,0.0,10,10,10
Alzheimers,73,Deterministic_kstep10,0.7,0.7,0.0,10,10,10
Alzheimers,73,Deterministic_kstep15,0.7,0.7,0.0,10,10,10
Alzheimers,101,Bernoulli_pos0.20_neg0.10,0.9,0.28571428571428564,-0.6142857142857143,10,10,11
Alzheimers,101,Bernoulli_pos0.30_neg0.10,0.9,0.6,-0.30000000000000004,10,10,10
Alzheimers,101,Bernoulli_pos0.40_neg0.10,0.9,0.25,-0.65,10,10,14
Alzheimers,101,Bernoulli_pos0.30_neg0.05,0.9,0.5714285714285713,-0.32857142857142874,10,10,11
Alzheimers,101,Bernoulli_pos0.30_neg0.15,0.9,0.1818181818181818,-0.7181818181818183,10,10,12
Alzheimers,101,Deterministic_kstep5,0.9,0.9,0.0,10,10,10
Alzheimers,101,Deterministic_kstep10,0.9,0.9,0.0,10,10,10
Alzheimers,101,Deterministic_kstep15,0.9,0.9,0.0,10,10,10
Alzheimers,131,Bernoulli_pos0.20_neg0.10,0.7,0.380952380952381,-0.31904761904761897,10,10,11
Alzheimers,131,Bernoulli_pos0.30_neg0.10,0.7,0.4,-0.29999999999999993,10,10,15
Alzheimers,131,Bernoulli_pos0.40_neg0.10,0.7,0.3333333333333333,-0.36666666666666664,10,10,14
Alzheimers,131,Bernoulli_pos0.30_neg0.05,0.7,0.3333333333333333,-0.36666666666666664,10,10,14
Alzheimers,131,Bernoulli_pos0.30_neg0.15,0.7,0.07407407407407408,-0.6259259259259259,10,10,17
Alzheimers,131,Deterministic_kstep5,0.7,0.7,0.0,10,10,10
Alzheimers,131,Deterministic_kstep10,0.7,0.7,0.0,10,10,10
Alzheimers,131,Deterministic_kstep15,0.7,0.7,0.0,10,10,10
Alzheimers,151,Bernoulli_pos0.20_neg0.10,0.6666666666666666,0.11111111111111112,-0.5555555555555555,10,11,8
Alzheimers,151,Bernoulli_pos0.30_neg0.10,0.8000000000000002,0.34782608695652173,-0.4521739130434784,10,10,13
Alzheimers,151,Bernoulli_pos0.40_neg0.10,0.8000000000000002,0.6666666666666666,-0.13333333333333353,10,10,14
Alzheimers,151,Bernoulli_pos0.30_neg0.05,0.8000000000000002,0.6666666666666666,-0.13333333333333353,10,10,11
Alzheimers,151,Bernoulli_pos0.30_neg0.15,0.6666666666666666,0.08333333333333333,-0.5833333333333333,10,11,14
Alzheimers,151,Deterministic_kstep5,0.8000000000000002,0.8000000000000002,0.0,10,10,10
Alzheimers,151,Deterministic_kstep10,0.8000000000000002,0.8000000000000002,0.0,10,10,10
Alzheimers,151,Deterministic_kstep15,0.8000000000000002,0.8000000000000002,0.0,10,10,10
Alzheimers,181,Bernoulli_pos0.20_neg0.10,0.5454545454545454,0.08,-0.4654545454545454,10,12,15
Alzheimers,181,Bernoulli_pos0.30_neg0.10,0.5454545454545454,0.41666666666666663,-0.12878787878787878,10,12,14
Alzheimers,181,Bernoulli_pos0.40_neg0.10,0.5714285714285713,0.45454545454545453,-0.11688311688311676,10,11,12
Alzheimers,181,Bernoulli_pos0.30_neg0.05,0.5714285714285713,0.3333333333333333,-0.23809523809523797,10,11,14
Alzheimers,181,Bernoulli_pos0.30_neg0.15,0.4347826086956522,0.1904761904761905,-0.24430641821946172,10,13,11
Alzheimers,181,Deterministic_kstep5,0.5714285714285713,0.5714285714285713,0.0,10,11,11
Alzheimers,181,Deterministic_kstep10,0.5714285714285713,0.5714285714285713,0.0,10,11,11
Alzheimers,181,Deterministic_kstep15,0.5714285714285713,0.5714285714285713,0.0,10,11,11
Alzheimers,211,Bernoulli_pos0.20_neg0.10,0.8000000000000002,0.23529411764705882,-0.5647058823529414,10,10,7
Alzheimers,211,Bernoulli_pos0.30_neg0.10,0.6666666666666666,0.6,-0.06666666666666665,10,11,10
Alzheimers,211,Bernoulli_pos0.40_neg0.10,0.6666666666666666,0.380952380952381,-0.28571428571428564,10,11,11
Alzheimers,211,Bernoulli_pos0.30_neg0.05,0.6666666666666666,0.45454545454545453,-0.2121212121212121,10,11,12
Alzheimers,211,Bernoulli_pos0.30_neg0.15,0.6666666666666666,0.1904761904761905,-0.47619047619047616,10,11,11
Alzheimers,211,Deterministic_kstep5,0.6666666666666666,0.6666666666666666,0.0,10,11,11
Alzheimers,211,Deterministic_kstep10,0.6666666666666666,0.6666666666666666,0.0,10,11,11
Alzheimers,211,Deterministic_kstep15,0.6666666666666666,0.6666666666666666,0.0,10,11,11
Alzheimers,241,Bernoulli_pos0.20_neg0.10,0.608695652173913,0.17391304347826086,-0.4347826086956521,10,13,13
Alzheimers,241,Bernoulli_pos0.30_neg0.10,0.4347826086956522,0.3636363636363636,-0.07114624505928863,10,13,12
Alzheimers,241,Bernoulli_pos0.40_neg0.10,0.4347826086956522,0.6666666666666665,0.2318840579710143,10,13,8
Alzheimers,241,Bernoulli_pos0.30_neg0.05,0.4347826086956522,0.5714285714285713,0.13664596273291907,10,13,11
Alzheimers,241,Bernoulli_pos0.30_neg0.15,0.608695652173913,0.0,-0.608695652173913,10,13,13
Alzheimers,241,Deterministic_kstep5,0.4347826086956522,0.4347826086956522,0.0,10,13,13
Alzheimers,241,Deterministic_kstep10,0.4347826086956522,0.4347826086956522,0.0,10,13,13
Alzheimers,241,Deterministic_kstep15,0.4347826086956522,0.4347826086956522,0.0,10,13,13
Alzheimers,271,Bernoulli_pos0.20_neg0.10,0.7,0.10000000000000002,-0.6,10,10,10
Alzheimers,271,Bernoulli_pos0.30_neg0.10,0.7,0.5,-0.19999999999999996,10,10,10
Alzheimers,271,Bernoulli_pos0.40_neg0.10,0.8000000000000002,0.47619047619047616,-0.323809523809524,10,10,11
Alzheimers,271,Bernoulli_pos0.30_neg0.05,0.8000000000000002,0.41666666666666663,-0.3833333333333335,10,10,14
Alzheimers,271,Bernoulli_pos0.30_neg0.15,0.7,0.2105263157894737,-0.4894736842105263,10,10,9
Alzheimers,271,Deterministic_kstep5,0.8000000000000002,0.8000000000000002,0.0,10,10,10
Alzheimers,271,Deterministic_kstep10,0.8000000000000002,0.8000000000000002,0.0,10,10,10
Alzheimers,271,Deterministic_kstep15,0.8000000000000002,0.8000000000000002,0.0,10,10,10
Alzheimers,301,Bernoulli_pos0.20_neg0.10,0.6666666666666666,0.11764705882352941,-0.5490196078431372,10,11,7
Alzheimers,301,Bernoulli_pos0.30_neg0.10,0.6666666666666666,0.3,-0.36666666666666664,10,11,10
Alzheimers,301,Bernoulli_pos0.40_neg0.10,0.6666666666666666,0.5263157894736842,-0.14035087719298245,10,11,9
Alzheimers,301,Bernoulli_pos0.30_neg0.05,0.6666666666666666,0.4347826086956522,-0.2318840579710144,10,11,13
Alzheimers,301,Bernoulli_pos0.30_neg0.15,0.6666666666666666,0.3,-0.36666666666666664,10,11,10
Alzheimers,301,Deterministic_kstep5,0.6666666666666666,0.6666666666666666,0.0,10,11,11
Alzheimers,301,Deterministic_kstep10,0.6666666666666666,0.6666666666666666,0.0,10,11,11
Alzheimers,301,Deterministic_kstep15,0.6666666666666666,0.6666666666666666,0.0,10,11,11
Stroke,42,Bernoulli_pos0.20_neg0.10,1.0,0.4000000000000001,-0.5999999999999999,5,5,5
Stroke,42,Bernoulli_pos0.30_neg0.10,1.0,0.4615384615384615,-0.5384615384615385,5,5,8
Stroke,42,Bernoulli_pos0.40_neg0.10,1.0,0.8000000000000002,-0.19999999999999984,5,5,5
Stroke,42,Bernoulli_pos0.30_neg0.05,1.0,0.7692307692307693,-0.23076923076923073,5,5,8
Stroke,42,Bernoulli_pos0.30_neg0.15,1.0,0.5454545454545454,-0.4545454545454546,5,5,6
Stroke,42,Deterministic_kstep5,1.0,1.0,0.0,5,5,5
Stroke,42,Deterministic_kstep10,1.0,1.0,0.0,5,5,5
Stroke,42,Deterministic_kstep15,1.0,1.0,0.0,5,5,5
Stroke,73,Bernoulli_pos0.20_neg0.10,1.0,0.4000000000000001,-0.5999999999999999,5,5,5
Stroke,73,Bernoulli_pos0.30_neg0.10,1.0,0.0,-1.0,5,5,6
Stroke,73,Bernoulli_pos0.40_neg0.10,1.0,0.4444444444444445,-0.5555555555555556,5,5,4
Stroke,73,Bernoulli_pos0.30_neg0.05,1.0,0.7692307692307693,-0.23076923076923073,5,5,8
Stroke,73,Bernoulli_pos0.30_neg0.15,1.0,0.16666666666666666,-0.8333333333333334,5,5,7
Stroke,73,Deterministic_kstep5,1.0,1.0,0.0,5,5,5
Stroke,73,Deterministic_kstep10,1.0,1.0,0.0,5,5,5
Stroke,73,Deterministic_kstep15,1.0,1.0,0.0,5,5,5
Stroke,101,Bernoulli_pos0.20_neg0.10,1.0,0.5454545454545454,-0.4545454545454546,5,5,6
Stroke,101,Bernoulli_pos0.30_neg0.10,1.0,0.5454545454545454,-0.4545454545454546,5,5,6
Stroke,101,Bernoulli_pos0.40_neg0.10,1.0,0.5714285714285714,-0.4285714285714286,5,5,9
Stroke,101,Bernoulli_pos0.30_neg0.05,1.0,0.6666666666666666,-0.33333333333333337,5,5,7
Stroke,101,Bernoulli_pos0.30_neg0.15,1.0,0.5,-0.5,5,5,7
Stroke,101,Deterministic_kstep5,1.0,0.888888888888889,-0.11111111111111105,5,5,4
Stroke,101,Deterministic_kstep10,1.0,0.888888888888889,-0.11111111111111105,5,5,4
Stroke,101,Deterministic_kstep15,1.0,0.888888888888889,-0.11111111111111105,5,5,4
Stroke,131,Bernoulli_pos0.20_neg0.10,1.0,0.20000000000000004,-0.7999999999999999,5,5,5
Stroke,131,Bernoulli_pos0.30_neg0.10,1.0,0.4444444444444445,-0.5555555555555556,5,5,4
Stroke,131,Bernoulli_pos0.40_neg0.10,1.0,0.6666666666666665,-0.3333333333333335,5,5,4
Stroke,131,Bernoulli_pos0.30_neg0.05,1.0,0.7272727272727272,-0.2727272727272728,5,5,6
Stroke,131,Bernoulli_pos0.30_neg0.15,1.0,0.6,-0.4,5,5,5
Stroke,131,Deterministic_kstep5,1.0,0.888888888888889,-0.11111111111111105,5,5,4
Stroke,131,Deterministic_kstep10,1.0,0.8000000000000002,-0.19999999999999984,5,5,5
Stroke,131,Deterministic_kstep15,1.0,1.0,0.0,5,5,5
Stroke,151,Bernoulli_pos0.20_neg0.10,0.9090909090909091,0.25,-0.6590909090909091,5,6,3
Stroke,151,Bernoulli_pos0.30_neg0.10,0.9090909090909091,0.6153846153846154,-0.29370629370629364,5,6,8
Stroke,151,Bernoulli_pos0.40_neg0.10,0.9090909090909091,0.6666666666666666,-0.24242424242424243,5,6,7
Stroke,151,Bernoulli_pos0.30_neg0.05,0.9090909090909091,0.5454545454545454,-0.36363636363636365,5,6,6
Stroke,151,Bernoulli_pos0.30_neg0.15,0.9090909090909091,0.0,-0.9090909090909091,5,6,6
Stroke,151,Deterministic_kstep5,0.9090909090909091,1.0,0.09090909090909094,5,6,5
Stroke,151,Deterministic_kstep10,0.9090909090909091,1.0,0.09090909090909094,5,6,5
Stroke,151,Deterministic_kstep15,0.9090909090909091,1.0,0.09090909090909094,5,6,5
Stroke,181,Bernoulli_pos0.20_neg0.10,1.0,0.4444444444444445,-0.5555555555555556,5,5,4
Stroke,181,Bernoulli_pos0.30_neg0.10,1.0,0.6,-0.4,5,5,5
Stroke,181,Bernoulli_pos0.40_neg0.10,1.0,0.4615384615384615,-0.5384615384615385,5,5,8
Stroke,181,Bernoulli_pos0.30_neg0.05,1.0,0.3636363636363636,-0.6363636363636365,5,5,6
Stroke,181,Bernoulli_pos0.30_neg0.15,1.0,0.6,-0.4,5,5,5
Stroke,181,Deterministic_kstep5,1.0,1.0,0.0,5,5,5
Stroke,181,Deterministic_kstep10,1.0,1.0,0.0,5,5,5
Stroke,181,Deterministic_kstep15,1.0,1.0,0.0,5,5,5
Stroke,211,Bernoulli_pos0.20_neg0.10,1.0,0.22222222222222224,-0.7777777777777778,5,5,4
Stroke,211,Bernoulli_pos0.30_neg0.10,1.0,0.4615384615384615,-0.5384615384615385,5,5,8
Stroke,211,Bernoulli_pos0.40_neg0.10,1.0,0.4615384615384615,-0.5384615384615385,5,5,8
Stroke,211,Bernoulli_pos0.30_neg0.05,1.0,0.6153846153846154,-0.3846153846153846,5,5,8
Stroke,211,Bernoulli_pos0.30_neg0.15,1.0,0.3636363636363636,-0.6363636363636365,5,5,6
Stroke,211,Deterministic_kstep5,1.0,0.888888888888889,-0.11111111111111105,5,5,4
Stroke,211,Deterministic_kstep10,1.0,0.888888888888889,-0.11111111111111105,5,5,4
Stroke,211,Deterministic_kstep15,1.0,0.888888888888889,-0.11111111111111105,5,5,4
Stroke,241,Bernoulli_pos0.20_neg0.10,1.0,0.20000000000000004,-0.7999999999999999,5,5,5
Stroke,241,Bernoulli_pos0.30_neg0.10,1.0,0.6,-0.4,5,5,5
Stroke,241,Bernoulli_pos0.40_neg0.10,1.0,0.9090909090909091,-0.09090909090909094,5,5,6
Stroke,241,Bernoulli_pos0.30_neg0.05,1.0,0.9090909090909091,-0.09090909090909094,5,5,6
Stroke,241,Bernoulli_pos0.30_neg0.15,1.0,0.0,-1.0,5,5,6
Stroke,241,Deterministic_kstep5,1.0,1.0,0.0,5,5,5
Stroke,241,Deterministic_kstep10,1.0,1.0,0.0,5,5,5
Stroke,241,Deterministic_kstep15,1.0,1.0,0.0,5,5,5
Stroke,271,Bernoulli_pos0.20_neg0.10,1.0,0.4444444444444445,-0.5555555555555556,5,5,4
Stroke,271,Bernoulli_pos0.30_neg0.10,1.0,0.5454545454545454,-0.4545454545454546,5,5,6
Stroke,271,Bernoulli_pos0.40_neg0.10,1.0,0.6666666666666666,-0.33333333333333337,5,5,7
Stroke,271,Bernoulli_pos0.30_neg0.05,1.0,0.6666666666666666,-0.33333333333333337,5,5,7
Stroke,271,Bernoulli_pos0.30_neg0.15,1.0,0.20000000000000004,-0.7999999999999999,5,5,5
Stroke,271,Deterministic_kstep5,1.0,1.0,0.0,5,5,5
Stroke,271,Deterministic_kstep10,1.0,1.0,0.0,5,5,5
Stroke,271,Deterministic_kstep15,1.0,1.0,0.0,5,5,5
Stroke,301,Bernoulli_pos0.20_neg0.10,1.0,0.28571428571428575,-0.7142857142857142,5,5,2
Stroke,301,Bernoulli_pos0.30_neg0.10,1.0,0.3636363636363636,-0.6363636363636365,5,5,6
Stroke,301,Bernoulli_pos0.40_neg0.10,1.0,0.3333333333333333,-0.6666666666666667,5,5,7
Stroke,301,Bernoulli_pos0.30_neg0.05,1.0,0.3333333333333333,-0.6666666666666667,5,5,7
Stroke,301,Bernoulli_pos0.30_neg0.15,1.0,0.4444444444444445,-0.5555555555555556,5,5,4
Stroke,301,Deterministic_kstep5,1.0,1.0,0.0,5,5,5
Stroke,301,Deterministic_kstep10,1.0,1.0,0.0,5,5,5
Stroke,301,Deterministic_kstep15,1.0,1.0,0.0,5,5,5
Credit,42,Bernoulli_pos0.20_neg0.10,1.0,0.25,-0.75,4,4,4
Credit,42,Bernoulli_pos0.30_neg0.10,1.0,0.5,-0.5,4,4,4
Credit,42,Bernoulli_pos0.40_neg0.10,1.0,0.6666666666666665,-0.3333333333333335,4,4,5
Credit,42,Bernoulli_pos0.30_neg0.05,1.0,1.0,0.0,4,4,4
Credit,42,Bernoulli_pos0.30_neg0.15,1.0,0.0,-1.0,4,4,3
Credit,42,Deterministic_kstep5,1.0,1.0,0.0,4,4,4
Credit,42,Deterministic_kstep10,1.0,1.0,0.0,4,4,4
Credit,42,Deterministic_kstep15,1.0,1.0,0.0,4,4,4
Credit,73,Bernoulli_pos0.20_neg0.10,0.888888888888889,0.22222222222222224,-0.6666666666666667,4,5,5
Credit,73,Bernoulli_pos0.30_neg0.10,0.888888888888889,0.25,-0.638888888888889,4,5,4
Credit,73,Bernoulli_pos0.40_neg0.10,0.888888888888889,1.0,0.11111111111111105,4,5,4
Credit,73,Bernoulli_pos0.30_neg0.05,0.888888888888889,0.5,-0.38888888888888895,4,5,4
Credit,73,Bernoulli_pos0.30_neg0.15,0.888888888888889,0.25,-0.638888888888889,4,5,4
Credit,73,Deterministic_kstep5,0.888888888888889,0.888888888888889,0.0,4,5,5
Credit,73,Deterministic_kstep10,0.888888888888889,0.888888888888889,0.0,4,5,5
Credit,73,Deterministic_kstep15,0.888888888888889,0.888888888888889,0.0,4,5,5
Credit,101,Bernoulli_pos0.20_neg0.10,1.0,0.0,-1.0,4,4,3
Credit,101,Bernoulli_pos0.30_neg0.10,1.0,0.2,-0.8,4,4,6
Credit,101,Bernoulli_pos0.40_neg0.10,1.0,0.888888888888889,-0.11111111111111105,4,4,5
Credit,101,Bernoulli_pos0.30_neg0.05,1.0,0.888888888888889,-0.11111111111111105,4,4,5
Credit,101,Bernoulli_pos0.30_neg0.15,0.888888888888889,0.3333333333333333,-0.5555555555555556,4,5,2
Credit,101,Deterministic_kstep5,1.0,1.0,0.0,4,4,4
Credit,101,Deterministic_kstep10,1.0,1.0,0.0,4,4,4
Credit,101,Deterministic_kstep15,1.0,1.0,0.0,4,4,4
Credit,131,Bernoulli_pos0.20_neg0.10,1.0,0.6666666666666666,-0.33333333333333337,4,4,2
Credit,131,Bernoulli_pos0.30_neg0.10,1.0,0.28571428571428575,-0.7142857142857142,4,4,3
Credit,131,Bernoulli_pos0.40_neg0.10,1.0,1.0,0.0,4,4,4
Credit,131,Bernoulli_pos0.30_neg0.05,1.0,0.8571428571428571,-0.1428571428571429,4,4,3
Credit,131,Bernoulli_pos0.30_neg0.15,1.0,0.28571428571428575,-0.7142857142857142,4,4,3
Credit,131,Deterministic_kstep5,1.0,1.0,0.0,4,4,4
Credit,131,Deterministic_kstep10,1.0,1.0,0.0,4,4,4
Credit,131,Deterministic_kstep15,1.0,1.0,0.0,4,4,4
Credit,151,Bernoulli_pos0.20_neg0.10,1.0,0.28571428571428575,-0.7142857142857142,4,4,3
Credit,151,Bernoulli_pos0.30_neg0.10,1.0,0.75,-0.25,4,4,4
Credit,151,Bernoulli_pos0.40_neg0.10,1.0,0.888888888888889,-0.11111111111111105,4,4,5
Credit,151,Bernoulli_pos0.30_neg0.05,1.0,0.75,-0.25,4,4,4
Credit,151,Bernoulli_pos0.30_neg0.15,1.0,0.5714285714285715,-0.4285714285714285,4,4,3
Credit,151,Deterministic_kstep5,1.0,1.0,0.0,4,4,4
Credit,151,Deterministic_kstep10,1.0,1.0,0.0,4,4,4
Credit,151,Deterministic_kstep15,1.0,1.0,0.0,4,4,4
Credit,181,Bernoulli_pos0.20_neg0.10,1.0,0.0,-1.0,4,4,3
Credit,181,Bernoulli_pos0.30_neg0.10,1.0,0.22222222222222224,-0.7777777777777778,4,4,5
Credit,181,Bernoulli_pos0.40_neg0.10,1.0,0.8571428571428571,-0.1428571428571429,4,4,3
Credit,181,Bernoulli_pos0.30_neg0.05,1.0,0.5,-0.5,4,4,4
Credit,181,Bernoulli_pos0.30_neg0.15,1.0,0.0,-1.0,4,4,3
Credit,181,Deterministic_kstep5,1.0,1.0,0.0,4,4,4
Credit,181,Deterministic_kstep10,1.0,1.0,0.0,4,4,4
Credit,181,Deterministic_kstep15,1.0,1.0,0.0,4,4,4
Credit,211,Bernoulli_pos0.20_neg0.10,1.0,0.4,-0.6,4,4,6
Credit,211,Bernoulli_pos0.30_neg0.10,1.0,0.6666666666666665,-0.3333333333333335,4,4,5
Credit,211,Bernoulli_pos0.40_neg0.10,1.0,1.0,0.0,4,4,4
Credit,211,Bernoulli_pos0.30_neg0.05,1.0,1.0,0.0,4,4,4
Credit,211,Bernoulli_pos0.30_neg0.15,1.0,0.8571428571428571,-0.1428571428571429,4,4,3
Credit,211,Deterministic_kstep5,1.0,1.0,0.0,4,4,4
Credit,211,Deterministic_kstep10,1.0,1.0,0.0,4,4,4
Credit,211,Deterministic_kstep15,1.0,1.0,0.0,4,4,4
Credit,241,Bernoulli_pos0.20_neg0.10,1.0,0.4,-0.6,4,4,1
Credit,241,Bernoulli_pos0.30_neg0.10,1.0,0.8571428571428571,-0.1428571428571429,4,4,3
Credit,241,Bernoulli_pos0.40_neg0.10,1.0,0.5714285714285715,-0.4285714285714285,4,4,3
Credit,241,Bernoulli_pos0.30_neg0.05,1.0,0.75,-0.25,4,4,4
Credit,241,Bernoulli_pos0.30_neg0.15,1.0,0.28571428571428575,-0.7142857142857142,4,4,3
Credit,241,Deterministic_kstep5,1.0,1.0,0.0,4,4,4
Credit,241,Deterministic_kstep10,1.0,1.0,0.0,4,4,4
Credit,241,Deterministic_kstep15,1.0,1.0,0.0,4,4,4
Credit,271,Bernoulli_pos0.20_neg0.10,1.0,0.5,-0.5,4,4,4
Credit,271,Bernoulli_pos0.30_neg0.10,1.0,0.3333333333333333,-0.6666666666666667,4,4,2
Credit,271,Bernoulli_pos0.40_neg0.10,1.0,0.6,-0.4,4,4,6
Credit,271,Bernoulli_pos0.30_neg0.05,1.0,1.0,0.0,4,4,4
Credit,271,Bernoulli_pos0.30_neg0.15,1.0,0.25,-0.75,4,4,4
Credit,271,Deterministic_kstep5,1.0,1.0,0.0,4,4,4
Credit,271,Deterministic_kstep10,1.0,1.0,0.0,4,4,4
Credit,271,Deterministic_kstep15,1.0,1.0,0.0,4,4,4
Credit,301,Bernoulli_pos0.20_neg0.10,1.0,0.4,-0.6,4,4,1
Credit,301,Bernoulli_pos0.30_neg0.10,1.0,0.6666666666666666,-0.33333333333333337,4,4,2
Credit,301,Bernoulli_pos0.40_neg0.10,1.0,0.6666666666666665,-0.3333333333333335,4,4,5
Credit,301,Bernoulli_pos0.30_neg0.05,1.0,1.0,0.0,4,4,4
Credit,301,Bernoulli_pos0.30_neg0.15,1.0,0.28571428571428575,-0.7142857142857142,4,4,3
Credit,301,Deterministic_kstep5,1.0,1.0,0.0,4,4,4
Credit,301,Deterministic_kstep10,1.0,1.0,0.0,4,4,4
Credit,301,Deterministic_kstep15,1.0,1.0,0.0,4,4,4
Student,42,Bernoulli_pos0.20_neg0.10,1.0,0.5,-0.5,4,4,4
Student,42,Bernoulli_pos0.30_neg0.10,1.0,0.6666666666666665,-0.3333333333333335,4,4,5
Student,42,Bernoulli_pos0.40_neg0.10,1.0,0.75,-0.25,4,4,4
Student,42,Bernoulli_pos0.30_neg0.05,0.888888888888889,0.888888888888889,0.0,4,5,5
Student,42,Bernoulli_pos0.30_neg0.15,1.0,0.2,-0.8,4,4,6
Student,42,Deterministic_kstep5,1.0,0.8571428571428571,-0.1428571428571429,4,4,3
Student,42,Deterministic_kstep10,1.0,0.8571428571428571,-0.1428571428571429,4,4,3
Student,42,Deterministic_kstep15,1.0,0.8571428571428571,-0.1428571428571429,4,4,3
Student,73,Bernoulli_pos0.20_neg0.10,1.0,0.6666666666666665,-0.3333333333333335,4,4,5
Student,73,Bernoulli_pos0.30_neg0.10,1.0,0.7272727272727273,-0.2727272727272727,4,4,7
Student,73,Bernoulli_pos0.40_neg0.10,1.0,0.5454545454545454,-0.4545454545454546,4,4,7
Student,73,Bernoulli_pos0.30_neg0.05,1.0,0.7272727272727273,-0.2727272727272727,4,4,7
Student,73,Bernoulli_pos0.30_neg0.15,1.0,0.7272727272727273,-0.2727272727272727,4,4,7
Student,73,Deterministic_kstep5,1.0,0.8571428571428571,-0.1428571428571429,4,4,3
Student,73,Deterministic_kstep10,1.0,0.8571428571428571,-0.1428571428571429,4,4,3
Student,73,Deterministic_kstep15,1.0,0.8571428571428571,-0.1428571428571429,4,4,3
Student,101,Bernoulli_pos0.20_neg0.10,1.0,0.5714285714285715,-0.4285714285714285,4,4,3
Student,101,Bernoulli_pos0.30_neg0.10,1.0,0.888888888888889,-0.11111111111111105,4,4,5
Student,101,Bernoulli_pos0.40_neg0.10,1.0,0.888888888888889,-0.11111111111111105,4,4,5
Student,101,Bernoulli_pos0.30_neg0.05,1.0,0.888888888888889,-0.11111111111111105,4,4,5
Student,101,Bernoulli_pos0.30_neg0.15,1.0,0.6666666666666665,-0.3333333333333335,4,4,5
Student,101,Deterministic_kstep5,1.0,0.8571428571428571,-0.1428571428571429,4,4,3
Student,101,Deterministic_kstep10,1.0,0.8571428571428571,-0.1428571428571429,4,4,3
Student,101,Deterministic_kstep15,1.0,0.8571428571428571,-0.1428571428571429,4,4,3
Student,131,Bernoulli_pos0.20_neg0.10,0.75,0.4,-0.35,4,4,6
Student,131,Bernoulli_pos0.30_neg0.10,0.75,0.22222222222222224,-0.5277777777777778,4,4,5
Student,131,Bernoulli_pos0.40_neg0.10,0.75,0.888888888888889,0.13888888888888895,4,4,5
Student,131,Bernoulli_pos0.30_neg0.05,0.75,0.75,0.0,4,4,4
Student,131,Bernoulli_pos0.30_neg0.15,0.75,0.4444444444444445,-0.3055555555555555,4,4,5
Student,131,Deterministic_kstep5,1.0,0.8571428571428571,-0.1428571428571429,4,4,3
Student,131,Deterministic_kstep10,1.0,0.8571428571428571,-0.1428571428571429,4,4,3
Student,131,Deterministic_kstep15,1.0,0.8571428571428571,-0.1428571428571429,4,4,3
Student,151,Bernoulli_pos0.20_neg0.10,1.0,0.25,-0.75,4,4,4
Student,151,Bernoulli_pos0.30_neg0.10,1.0,0.4,-0.6,4,4,6
Student,151,Bernoulli_pos0.40_neg0.10,1.0,0.75,-0.25,4,4,4
Student,151,Bernoulli_pos0.30_neg0.05,1.0,0.4,-0.6,4,4,6
Student,151,Bernoulli_pos0.30_neg0.15,1.0,0.4,-0.6,4,4,6
Student,151,Deterministic_kstep5,1.0,0.8571428571428571,-0.1428571428571429,4,4,3
Student,151,Deterministic_kstep10,1.0,0.8571428571428571,-0.1428571428571429,4,4,3
Student,151,Deterministic_kstep15,1.0,0.8571428571428571,-0.1428571428571429,4,4,3
Student,181,Bernoulli_pos0.20_neg0.10,1.0,0.4,-0.6,4,4,6
Student,181,Bernoulli_pos0.30_neg0.10,1.0,0.6666666666666665,-0.3333333333333335,4,4,5
Student,181,Bernoulli_pos0.40_neg0.10,1.0,1.0,0.0,4,4,4
Student,181,Bernoulli_pos0.30_neg0.05,1.0,0.75,-0.25,4,4,4
Student,181,Bernoulli_pos0.30_neg0.15,1.0,0.4,-0.6,4,4,6
Student,181,Deterministic_kstep5,1.0,0.8571428571428571,-0.1428571428571429,4,4,3
Student,181,Deterministic_kstep10,1.0,0.8571428571428571,-0.1428571428571429,4,4,3
Student,181,Deterministic_kstep15,1.0,0.8571428571428571,-0.1428571428571429,4,4,3
Student,211,Bernoulli_pos0.20_neg0.10,0.888888888888889,0.8,-0.0888888888888889,4,5,6
Student,211,Bernoulli_pos0.30_neg0.10,0.888888888888889,0.6,-0.288888888888889,4,5,6
Student,211,Bernoulli_pos0.40_neg0.10,0.888888888888889,0.888888888888889,0.0,4,5,5
Student,211,Bernoulli_pos0.30_neg0.05,0.888888888888889,0.6,-0.288888888888889,4,5,6
Student,211,Bernoulli_pos0.30_neg0.15,0.888888888888889,0.4444444444444445,-0.4444444444444445,4,5,5
Student,211,Deterministic_kstep5,0.888888888888889,0.75,-0.13888888888888895,4,5,4
Student,211,Deterministic_kstep10,0.888888888888889,0.75,-0.13888888888888895,4,5,4
Student,211,Deterministic_kstep15,0.888888888888889,0.75,-0.13888888888888895,4,5,4
Student,241,Bernoulli_pos0.20_neg0.10,1.0,0.25,-0.75,4,4,4
Student,241,Bernoulli_pos0.30_neg0.10,1.0,0.888888888888889,-0.11111111111111105,4,4,5
Student,241,Bernoulli_pos0.40_neg0.10,1.0,0.888888888888889,-0.11111111111111105,4,4,5
Student,241,Bernoulli_pos0.30_neg0.05,1.0,0.888888888888889,-0.11111111111111105,4,4,5
Student,241,Bernoulli_pos0.30_neg0.15,1.0,0.75,-0.25,4,4,4
Student,241,Deterministic_kstep5,1.0,0.8571428571428571,-0.1428571428571429,4,4,3
Student,241,Deterministic_kstep10,1.0,0.8571428571428571,-0.1428571428571429,4,4,3
Student,241,Deterministic_kstep15,1.0,0.8571428571428571,-0.1428571428571429,4,4,3
Student,271,Bernoulli_pos0.20_neg0.10,0.6,0.5,-0.09999999999999998,4,6,4
Student,271,Bernoulli_pos0.30_neg0.10,0.6,0.75,0.15000000000000002,4,6,4
Student,271,Bernoulli_pos0.40_neg0.10,0.6,0.4444444444444445,-0.1555555555555555,4,6,5
Student,271,Bernoulli_pos0.30_neg0.05,0.6,0.8,0.20000000000000007,4,6,6
Student,271,Bernoulli_pos0.30_neg0.15,0.6,0.4444444444444445,-0.1555555555555555,4,6,5
Student,271,Deterministic_kstep5,0.888888888888889,0.75,-0.13888888888888895,4,5,4
Student,271,Deterministic_kstep10,0.888888888888889,0.75,-0.13888888888888895,4,5,4
Student,271,Deterministic_kstep15,0.888888888888889,0.75,-0.13888888888888895,4,5,4
Student,301,Bernoulli_pos0.20_neg0.10,0.888888888888889,0.75,-0.13888888888888895,4,5,4
Student,301,Bernoulli_pos0.30_neg0.10,1.0,0.6666666666666665,-0.3333333333333335,4,4,5
Student,301,Bernoulli_pos0.40_neg0.10,1.0,0.75,-0.25,4,4,4
Student,301,Bernoulli_pos0.30_neg0.05,1.0,0.888888888888889,-0.11111111111111105,4,4,5
Student,301,Bernoulli_pos0.30_neg0.15,1.0,0.888888888888889,-0.11111111111111105,4,4,5
Student,301,Deterministic_kstep5,1.0,0.8571428571428571,-0.1428571428571429,4,4,3
Student,301,Deterministic_kstep10,1.0,0.8571428571428571,-0.1428571428571429,4,4,3
Student,301,Deterministic_kstep15,1.0,0.8571428571428571,-0.1428571428571429,4,4,3
Vaccine,42,Bernoulli_pos0.20_neg0.10,0.8571428571428571,0.6666666666666666,-0.19047619047619047,3,4,3
Vaccine,42,Bernoulli_pos0.30_neg0.10,1.0,0.6666666666666666,-0.33333333333333337,3,3,3
Vaccine,42,Bernoulli_pos0.40_neg0.10,1.0,0.8571428571428571,-0.1428571428571429,3,3,4
Vaccine,42,Bernoulli_pos0.30_neg0.05,1.0,0.6666666666666666,-0.33333333333333337,3,3,3
Vaccine,42,Bernoulli_pos0.30_neg0.15,1.0,0.6666666666666666,-0.33333333333333337,3,3,3
Vaccine,42,Deterministic_kstep5,1.0,1.0,0.0,3,3,3
Vaccine,42,Deterministic_kstep10,1.0,1.0,0.0,3,3,3
Vaccine,42,Deterministic_kstep15,1.0,1.0,0.0,3,3,3
Vaccine,73,Bernoulli_pos0.20_neg0.10,0.8571428571428571,0.5714285714285715,-0.2857142857142856,3,4,4
Vaccine,73,Bernoulli_pos0.30_neg0.10,1.0,0.6666666666666666,-0.33333333333333337,3,3,3
Vaccine,73,Bernoulli_pos0.40_neg0.10,1.0,0.8571428571428571,-0.1428571428571429,3,3,4
Vaccine,73,Bernoulli_pos0.30_neg0.05,1.0,0.6666666666666666,-0.33333333333333337,3,3,3
Vaccine,73,Bernoulli_pos0.30_neg0.15,0.8571428571428571,0.5714285714285715,-0.2857142857142856,3,4,4
Vaccine,73,Deterministic_kstep5,1.0,1.0,0.0,3,3,3
Vaccine,73,Deterministic_kstep10,1.0,1.0,0.0,3,3,3
Vaccine,73,Deterministic_kstep15,1.0,1.0,0.0,3,3,3
Vaccine,101,Bernoulli_pos0.20_neg0.10,0.8571428571428571,0.5714285714285715,-0.2857142857142856,3,4,4
Vaccine,101,Bernoulli_pos0.30_neg0.10,0.8571428571428571,0.8571428571428571,0.0,3,4,4
Vaccine,101,Bernoulli_pos0.40_neg0.10,0.8571428571428571,0.5714285714285715,-0.2857142857142856,3,4,4
Vaccine,101,Bernoulli_pos0.30_neg0.05,0.8571428571428571,0.7499999999999999,-0.1071428571428572,3,4,5
Vaccine,101,Bernoulli_pos0.30_neg0.15,0.8571428571428571,0.8571428571428571,0.0,3,4,4
Vaccine,101,Deterministic_kstep5,0.8571428571428571,0.8571428571428571,0.0,3,4,4
Vaccine,101,Deterministic_kstep10,0.8571428571428571,0.8571428571428571,0.0,3,4,4
Vaccine,101,Deterministic_kstep15,0.8571428571428571,0.8571428571428571,0.0,3,4,4
Vaccine,131,Bernoulli_pos0.20_neg0.10,0.8571428571428571,0.6666666666666666,-0.19047619047619047,3,4,3
Vaccine,131,Bernoulli_pos0.30_neg0.10,1.0,0.6666666666666666,-0.33333333333333337,3,3,3
Vaccine,131,Bernoulli_pos0.40_neg0.10,1.0,0.6666666666666666,-0.33333333333333337,3,3,3
Vaccine,131,Bernoulli_pos0.30_neg0.05,1.0,0.8571428571428571,-0.1428571428571429,3,3,4
Vaccine,131,Bernoulli_pos0.30_neg0.15,1.0,0.8571428571428571,-0.1428571428571429,3,3,4
Vaccine,131,Deterministic_kstep5,1.0,1.0,0.0,3,3,3
Vaccine,131,Deterministic_kstep10,1.0,1.0,0.0,3,3,3
Vaccine,131,Deterministic_kstep15,1.0,1.0,0.0,3,3,3
Vaccine,151,Bernoulli_pos0.20_neg0.10,1.0,0.5714285714285715,-0.4285714285714285,3,3,4
Vaccine,151,Bernoulli_pos0.30_neg0.10,1.0,0.5714285714285715,-0.4285714285714285,3,3,4
Vaccine,151,Bernoulli_pos0.40_neg0.10,1.0,0.5714285714285715,-0.4285714285714285,3,3,4
Vaccine,151,Bernoulli_pos0.30_neg0.05,1.0,0.6666666666666666,-0.33333333333333337,3,3,3
Vaccine,151,Bernoulli_pos0.30_neg0.15,1.0,0.5714285714285715,-0.4285714285714285,3,3,4
Vaccine,151,Deterministic_kstep5,0.8571428571428571,0.8571428571428571,0.0,3,4,4
Vaccine,151,Deterministic_kstep10,0.8571428571428571,0.8571428571428571,0.0,3,4,4
Vaccine,151,Deterministic_kstep15,0.8571428571428571,0.8571428571428571,0.0,3,4,4
Vaccine,181,Bernoulli_pos0.20_neg0.10,0.5714285714285715,0.6666666666666666,0.09523809523809512,3,4,3
Vaccine,181,Bernoulli_pos0.30_neg0.10,0.5714285714285715,0.6666666666666666,0.09523809523809512,3,4,3
Vaccine,181,Bernoulli_pos0.40_neg0.10,0.5714285714285715,0.6666666666666666,0.09523809523809512,3,4,3
Vaccine,181,Bernoulli_pos0.30_neg0.05,0.5714285714285715,0.6666666666666666,0.09523809523809512,3,4,3
Vaccine,181,Bernoulli_pos0.30_neg0.15,0.5714285714285715,0.8571428571428571,0.2857142857142856,3,4,4
Vaccine,181,Deterministic_kstep5,0.5714285714285715,0.5714285714285715,0.0,3,4,4
Vaccine,181,Deterministic_kstep10,0.5714285714285715,0.5714285714285715,0.0,3,4,4
Vaccine,181,Deterministic_kstep15,0.5714285714285715,0.5714285714285715,0.0,3,4,4
Vaccine,211,Bernoulli_pos0.20_neg0.10,0.8571428571428571,0.5714285714285715,-0.2857142857142856,3,4,4
Vaccine,211,Bernoulli_pos0.30_neg0.10,0.8571428571428571,0.7499999999999999,-0.1071428571428572,3,4,5
Vaccine,211,Bernoulli_pos0.40_neg0.10,1.0,0.5714285714285715,-0.4285714285714285,3,3,4
Vaccine,211,Bernoulli_pos0.30_neg0.05,1.0,0.7499999999999999,-0.2500000000000001,3,3,5
Vaccine,211,Bernoulli_pos0.30_neg0.15,0.8571428571428571,0.5714285714285715,-0.2857142857142856,3,4,4
Vaccine,211,Deterministic_kstep5,1.0,1.0,0.0,3,3,3
Vaccine,211,Deterministic_kstep10,1.0,1.0,0.0,3,3,3
Vaccine,211,Deterministic_kstep15,1.0,1.0,0.0,3,3,3
Vaccine,241,Bernoulli_pos0.20_neg0.10,0.6666666666666666,0.6666666666666666,0.0,3,3,3
Vaccine,241,Bernoulli_pos0.30_neg0.10,0.8,0.6666666666666666,-0.13333333333333341,3,2,3
Vaccine,241,Bernoulli_pos0.40_neg0.10,0.8,0.6666666666666666,-0.13333333333333341,3,2,3
Vaccine,241,Bernoulli_pos0.30_neg0.05,0.8,0.6666666666666666,-0.13333333333333341,3,2,3
Vaccine,241,Bernoulli_pos0.30_neg0.15,0.6666666666666666,0.6666666666666666,0.0,3,3,3
Vaccine,241,Deterministic_kstep5,0.8,0.8,0.0,3,2,2
Vaccine,241,Deterministic_kstep10,0.8,0.8,0.0,3,2,2
Vaccine,241,Deterministic_kstep15,0.8,0.8,0.0,3,2,2
Vaccine,271,Bernoulli_pos0.20_neg0.10,0.8571428571428571,0.6666666666666666,-0.19047619047619047,3,4,3
Vaccine,271,Bernoulli_pos0.30_neg0.10,1.0,0.8571428571428571,-0.1428571428571429,3,3,4
Vaccine,271,Bernoulli_pos0.40_neg0.10,1.0,0.6666666666666666,-0.33333333333333337,3,3,3
Vaccine,271,Bernoulli_pos0.30_neg0.05,1.0,0.6666666666666666,-0.33333333333333337,3,3,3
Vaccine,271,Bernoulli_pos0.30_neg0.15,0.8571428571428571,0.5714285714285715,-0.2857142857142856,3,4,4
Vaccine,271,Deterministic_kstep5,1.0,1.0,0.0,3,3,3
Vaccine,271,Deterministic_kstep10,1.0,1.0,0.0,3,3,3
Vaccine,271,Deterministic_kstep15,1.0,1.0,0.0,3,3,3
Vaccine,301,Bernoulli_pos0.20_neg0.10,0.6666666666666666,0.6666666666666666,0.0,3,3,3
Vaccine,301,Bernoulli_pos0.30_neg0.10,0.8,0.6666666666666666,-0.13333333333333341,3,2,3
Vaccine,301,Bernoulli_pos0.40_neg0.10,0.8,0.6666666666666666,-0.13333333333333341,3,2,3
Vaccine,301,Bernoulli_pos0.30_neg0.05,0.8,0.28571428571428575,-0.5142857142857142,3,2,4
Vaccine,301,Bernoulli_pos0.30_neg0.15,0.8,0.6666666666666666,-0.13333333333333341,3,2,3
Vaccine,301,Deterministic_kstep5,0.8,0.8,0.0,3,2,2
Vaccine,301,Deterministic_kstep10,0.8,0.8,0.0,3,2,2
Vaccine,301,Deterministic_kstep15,0.8,0.8,0.0,3,2,2
