Dataset,Seed,Method,Config,Neuron_F1,Assembly_F1,Gap
Alzheimers,42,ges,Bernoulli baseline,0.9,0.3478260869565217,-0.5521739130434784
Alzheimers,42,ges,Deterministic-k,0.9,0.9,0.0
Credit,42,ges,Bernoulli baseline,0.75,0.4444444444444445,-0.3055555555555555
Credit,42,ges,Deterministic-k,0.75,0.75,0.0
Stroke,42,ges,Bernoulli baseline,1.0,0.5454545454545454,-0.4545454545454546
Stroke,42,ges,Deterministic-k,1.0,1.0,0.0
Student,42,ges,Bernoulli baseline,0.888888888888889,0.888888888888889,0.0
Student,42,ges,Deterministic-k,1.0,0.8571428571428571,-0.1428571428571429
Vaccine,42,ges,Bernoulli baseline,1.0,0.6666666666666666,-0.33333333333333337
Vaccine,42,ges,Deterministic-k,1.0,1.0,0.0
Alzheimers,42,pc,Bernoulli baseline,0.5,0.2307692307692307,-0.2692307692307693
Alzheimers,42,pc,Deterministic-k,0.6,0.6,0.0
Credit,42,pc,Bernoulli baseline,1.0,0.5454545454545454,-0.4545454545454546
Credit,42,pc,Deterministic-k,1.0,1.0,0.0
Stroke,42,pc,Bernoulli baseline,1.0,0.1666666666666666,-0.8333333333333334
Stroke,42,pc,Deterministic-k,1.0,1.0,0.0
Student,42,pc,Bernoulli baseline,0.888888888888889,0.6,-0.288888888888889
Student,42,pc,Deterministic-k,1.0,0.8571428571428571,-0.1428571428571429
Vaccine,42,pc,Bernoulli baseline,0.8,0.6666666666666666,-0.13333333333333341
Vaccine,42,pc,Deterministic-k,0.8,0.8,0.0
